figure,panel,analyte,condition,x_pixel,mean_y_pixel,zero_y_pixel,reference_y_pixel,reference_value,unit,post_withdrawal_hours,assay_hours_after_reseeding,exposure_hours,dose_uM,mean,digitization_half_width,errorbar_top_pixel,reported_errorbar_size,replication,source_sha256
5,A,relative_luminescence,control,81,164,233,25,3.0,relative_to_4_hour_assay_signal,,4.0,72,0.0,1.0,0.028846153846153966,,,aggregate_n3,c923c4dd6f9849e26f018de7cd57393b40403a22c0c90f0fb4acbc0971f19d52
5,A,relative_luminescence,control,146,94,233,25,3.0,relative_to_4_hour_assay_signal,,24.0,72,0.0,2.004807692307692,0.028846153846154188,90.0,0.05769230769230793,aggregate_n3,c923c4dd6f9849e26f018de7cd57393b40403a22c0c90f0fb4acbc0971f19d52
5,A,relative_luminescence,control,224,71,233,25,3.0,relative_to_4_hour_assay_signal,,48.0,72,0.0,2.3365384615384617,0.028846153846153744,66.0,0.07211538461538458,aggregate_n3,c923c4dd6f9849e26f018de7cd57393b40403a22c0c90f0fb4acbc0971f19d52
5,A,relative_luminescence,control,302,49,233,25,3.0,relative_to_4_hour_assay_signal,,72.0,72,0.0,2.6538461538461537,0.028846153846154188,41.0,0.11538461538461542,aggregate_n3,c923c4dd6f9849e26f018de7cd57393b40403a22c0c90f0fb4acbc0971f19d52
5,A,relative_luminescence,arsenite,81,164,233,25,3.0,relative_to_4_hour_assay_signal,,4.0,72,5.0,1.0,0.028846153846153966,,,aggregate_n3,c923c4dd6f9849e26f018de7cd57393b40403a22c0c90f0fb4acbc0971f19d52
5,A,relative_luminescence,arsenite,146,160,233,25,3.0,relative_to_4_hour_assay_signal,,24.0,72,5.0,1.0528846153846154,0.028846153846153744,157.0,0.043269230769230616,aggregate_n3,c923c4dd6f9849e26f018de7cd57393b40403a22c0c90f0fb4acbc0971f19d52
5,A,relative_luminescence,arsenite,224,172,233,25,3.0,relative_to_4_hour_assay_signal,,48.0,72,5.0,0.8798076923076923,0.028846153846153744,169.0,0.04326923076923084,aggregate_n3,c923c4dd6f9849e26f018de7cd57393b40403a22c0c90f0fb4acbc0971f19d52
5,A,relative_luminescence,arsenite,302,177,233,25,3.0,relative_to_4_hour_assay_signal,,72.0,72,5.0,0.8076923076923077,0.028846153846153855,175.0,0.028846153846153855,aggregate_n3,c923c4dd6f9849e26f018de7cd57393b40403a22c0c90f0fb4acbc0971f19d52
2,D,SA_beta_gal,control,558,727,802,636,60.0,percent_positive_fields,0.0,,72,0.0,27.10843373493976,0.7228915662650621,711.0,5.783132530120483,five_microscopy_fields,71bd78c30cd4ad6c176eceab1d1f7f5e50f2f69f4d03cc05bc2908f0a366b346
2,D,SA_beta_gal,arsenite,609,678,802,636,60.0,percent_positive_fields,0.0,,72,5.0,44.81927710843373,0.7228915662650621,672.0,2.1686746987951793,five_microscopy_fields,71bd78c30cd4ad6c176eceab1d1f7f5e50f2f69f4d03cc05bc2908f0a366b346
5,D,SA_beta_gal,control,568,789,828,648,40.0,percent_positive_fields,168.0,,72,0.0,8.666666666666668,0.44444444444444287,781.0,1.7777777777777768,five_microscopy_fields,c923c4dd6f9849e26f018de7cd57393b40403a22c0c90f0fb4acbc0971f19d52
5,D,SA_beta_gal,arsenite,628,707,828,648,40.0,percent_positive_fields,168.0,,72,5.0,26.888888888888893,0.44444444444444287,695.0,2.6666666666666643,five_microscopy_fields,c923c4dd6f9849e26f018de7cd57393b40403a22c0c90f0fb4acbc0971f19d52
2,A,CDKN1A,control,91,228,230,72,10.0,relative_mRNA_to_18S,0.0,,72,0.0,0.12658227848101267,0.12658227848101267,,,aggregate_n3,71bd78c30cd4ad6c176eceab1d1f7f5e50f2f69f4d03cc05bc2908f0a366b346
2,A,CDKN1A,arsenite,127,214,230,72,10.0,relative_mRNA_to_18S,0.0,,72,2.0,1.0126582278481013,0.12658227848101244,,,aggregate_n3,71bd78c30cd4ad6c176eceab1d1f7f5e50f2f69f4d03cc05bc2908f0a366b346
2,A,CDKN1A,arsenite,162,154,230,72,10.0,relative_mRNA_to_18S,0.0,,72,5.0,4.810126582278481,0.12658227848101333,,,aggregate_n3,71bd78c30cd4ad6c176eceab1d1f7f5e50f2f69f4d03cc05bc2908f0a366b346
2,A,CDKN1A,arsenite,199,122,230,72,10.0,relative_mRNA_to_18S,0.0,,72,10.0,6.8354430379746836,0.12658227848101333,,,aggregate_n3,71bd78c30cd4ad6c176eceab1d1f7f5e50f2f69f4d03cc05bc2908f0a366b346
2,A,LMNB1,control,291,113,231,72,1.0,relative_mRNA_to_18S,0.0,,72,0.0,0.7421383647798742,0.012578616352201366,,,aggregate_n3,71bd78c30cd4ad6c176eceab1d1f7f5e50f2f69f4d03cc05bc2908f0a366b346
2,A,LMNB1,arsenite,327,144,231,72,1.0,relative_mRNA_to_18S,0.0,,72,2.0,0.5471698113207547,0.012578616352201255,,,aggregate_n3,71bd78c30cd4ad6c176eceab1d1f7f5e50f2f69f4d03cc05bc2908f0a366b346
2,A,LMNB1,arsenite,363,213,231,72,1.0,relative_mRNA_to_18S,0.0,,72,5.0,0.11320754716981132,0.012578616352201255,,,aggregate_n3,71bd78c30cd4ad6c176eceab1d1f7f5e50f2f69f4d03cc05bc2908f0a366b346
2,A,LMNB1,arsenite,398,229,231,72,1.0,relative_mRNA_to_18S,0.0,,72,10.0,0.012578616352201259,0.012578616352201259,,,aggregate_n3,71bd78c30cd4ad6c176eceab1d1f7f5e50f2f69f4d03cc05bc2908f0a366b346
5,B,CDKN1A,control,516,230,232,70,3.0,relative_mRNA_to_RPLP1,100.0,,72,0.0,0.037037037037037035,0.037037037037037035,,,aggregate_n3,c923c4dd6f9849e26f018de7cd57393b40403a22c0c90f0fb4acbc0971f19d52
5,B,CDKN1A,arsenite,565,103,232,70,3.0,relative_mRNA_to_RPLP1,100.0,,72,5.0,2.388888888888889,0.0370370370370372,,,aggregate_n3,c923c4dd6f9849e26f018de7cd57393b40403a22c0c90f0fb4acbc0971f19d52
5,B,LMNB1,control,662,111,232,70,2.0,relative_mRNA_to_RPLP1,100.0,,72,0.0,1.4938271604938271,0.024691358024691468,,,aggregate_n3,c923c4dd6f9849e26f018de7cd57393b40403a22c0c90f0fb4acbc0971f19d52
5,B,LMNB1,arsenite,714,213,232,70,2.0,relative_mRNA_to_RPLP1,100.0,,72,5.0,0.2345679012345679,0.024691358024691357,,,aggregate_n3,c923c4dd6f9849e26f018de7cd57393b40403a22c0c90f0fb4acbc0971f19d52
6,RNA,MMP1,control,84,240,241,45,2.5,relative_mRNA_to_RPLP1,100.0,,72,0.0,0.012755102040816325,0.025510204081632654,,,aggregate_n3,d1c7de57d7868ae818379b6e383f15fb88d8f6a514e4c7547c544b78a45d7d40
6,RNA,MMP1,arsenite,146,95,241,45,2.5,relative_mRNA_to_RPLP1,100.0,,72,5.0,1.862244897959184,0.025510204081632182,,,aggregate_n3,d1c7de57d7868ae818379b6e383f15fb88d8f6a514e4c7547c544b78a45d7d40
6,RNA,MMP3,control,268,239,240,41,5.0,relative_mRNA_to_RPLP1,100.0,,72,0.0,0.02512562814070352,0.05025125628140703,,,aggregate_n3,d1c7de57d7868ae818379b6e383f15fb88d8f6a514e4c7547c544b78a45d7d40
6,RNA,MMP3,arsenite,331,118,240,41,5.0,relative_mRNA_to_RPLP1,100.0,,72,5.0,3.065326633165829,0.050251256281407475,,,aggregate_n3,d1c7de57d7868ae818379b6e383f15fb88d8f6a514e4c7547c544b78a45d7d40
6,RNA,MMP10,control,468,239,241,45,2.0,relative_mRNA_to_RPLP1,100.0,,72,0.0,0.02040816326530612,0.02040816326530612,,,aggregate_n3,d1c7de57d7868ae818379b6e383f15fb88d8f6a514e4c7547c544b78a45d7d40
6,RNA,MMP10,arsenite,528,87,241,45,2.0,relative_mRNA_to_RPLP1,100.0,,72,5.0,1.5714285714285714,0.020408163265306145,,,aggregate_n3,d1c7de57d7868ae818379b6e383f15fb88d8f6a514e4c7547c544b78a45d7d40
6,RNA,GDF15,control,654,208,240,44,2.0,relative_mRNA_to_RPLP1,100.0,,72,0.0,0.32653061224489793,0.020408163265306145,,,aggregate_n3,d1c7de57d7868ae818379b6e383f15fb88d8f6a514e4c7547c544b78a45d7d40
6,RNA,GDF15,arsenite,715,122,240,44,2.0,relative_mRNA_to_RPLP1,100.0,,72,5.0,1.2040816326530612,0.020408163265306145,,,aggregate_n3,d1c7de57d7868ae818379b6e383f15fb88d8f6a514e4c7547c544b78a45d7d40
6,RNA,SERPINE1,control,188,514,553,352,2.0,relative_mRNA_to_RPLP1,100.0,,72,0.0,0.3880597014925373,0.019900497512437776,,,aggregate_n3,d1c7de57d7868ae818379b6e383f15fb88d8f6a514e4c7547c544b78a45d7d40
6,RNA,SERPINE1,arsenite,250,408,553,352,2.0,relative_mRNA_to_RPLP1,100.0,,72,5.0,1.4427860696517414,0.01990049751243772,,,aggregate_n3,d1c7de57d7868ae818379b6e383f15fb88d8f6a514e4c7547c544b78a45d7d40
6,RNA,VEGFA,control,363,409,553,351,1.2,relative_mRNA_to_RPLP1,100.0,,72,0.0,0.8554455445544554,0.011881188118811892,,,aggregate_n3,d1c7de57d7868ae818379b6e383f15fb88d8f6a514e4c7547c544b78a45d7d40
6,RNA,VEGFA,arsenite,425,381,553,351,1.2,relative_mRNA_to_RPLP1,100.0,,72,5.0,1.0217821782178218,0.011881188118811892,,,aggregate_n3,d1c7de57d7868ae818379b6e383f15fb88d8f6a514e4c7547c544b78a45d7d40
6,RNA,IL6,control,542,552,553,352,2.5,relative_mRNA_to_RPLP1,100.0,,72,0.0,0.01243781094527363,0.02487562189054726,,,aggregate_n3,d1c7de57d7868ae818379b6e383f15fb88d8f6a514e4c7547c544b78a45d7d40
6,RNA,IL6,arsenite,605,392,553,352,2.5,relative_mRNA_to_RPLP1,100.0,,72,5.0,2.0024875621890548,0.02487562189054726,,,aggregate_n3,d1c7de57d7868ae818379b6e383f15fb88d8f6a514e4c7547c544b78a45d7d40
