contrast,gene,difference_log2_TPM_plus_1,lo95,hi95,n_treated,n_control,multiplicity_adjusted,interval_status,all_values_zero
direct_DOX_minus_control,CDKN1A,3.0933351713665633,2.6584968427414246,3.528173499991702,5,5,False,descriptive_Welch,False
direct_DOX_minus_control,CDKN2A,0.7620216245810654,0.4494514772094875,1.0745917719526432,5,5,False,descriptive_Welch,False
direct_DOX_minus_control,CXCL8,2.8159656856636484,2.3265937121843745,3.305337659142922,5,5,False,descriptive_Welch,False
direct_DOX_minus_control,GDF15,0.35313305451755284,0.032272952017216305,0.6739931570178894,5,5,False,descriptive_Welch,False
direct_DOX_minus_control,IL6,0.02850360017647898,-0.050635081014021054,0.10764228136697901,5,5,False,descriptive_Welch,False
direct_DOX_minus_control,LMNB1,-1.8828442455282963,-2.168373581102185,-1.597314909954408,5,5,False,descriptive_Welch,False
direct_DOX_minus_control,MKI67,-2.351056782534806,-2.5651436383838293,-2.136969926685783,5,5,False,descriptive_Welch,False
direct_DOX_minus_control,MMP3,0.3411843874756429,0.008910975247093444,0.6734577997041924,5,5,False,descriptive_Welch,False
direct_DOX_minus_control,SERPINE1,0.3978090033951984,-0.47340878765621897,1.2690267944466158,5,5,False,descriptive_Welch,False
DOX_CM_minus_control_CM,CDKN1A,2.5675770663193624,2.080802005295861,3.054352127342864,5,5,False,descriptive_Welch,False
DOX_CM_minus_control_CM,CDKN2A,0.3541416816005545,-0.0766979327148633,0.7849812959159723,5,5,False,descriptive_Welch,False
DOX_CM_minus_control_CM,CXCL8,1.2336583233825928,0.22167481340023953,2.245641833364946,5,5,False,descriptive_Welch,False
DOX_CM_minus_control_CM,GDF15,1.1620907447633062,0.4197655407921207,1.9044159487344916,5,5,False,descriptive_Welch,False
DOX_CM_minus_control_CM,IL6,0.0,,,5,5,False,unavailable_zero_observed_variance,True
DOX_CM_minus_control_CM,LMNB1,-1.3999870919734234,-1.7663164690944977,-1.0336577148523491,5,5,False,descriptive_Welch,False
DOX_CM_minus_control_CM,MKI67,-1.3795709710014439,-1.790472519530822,-0.9686694224720658,5,5,False,descriptive_Welch,False
DOX_CM_minus_control_CM,MMP3,-0.021168121006184232,-0.2764861002917698,0.2341498582794013,5,5,False,descriptive_Welch,False
DOX_CM_minus_control_CM,SERPINE1,1.4445649937657477,-0.2965497967702675,3.1856797843017626,5,5,False,descriptive_Welch,False
