sample,column,cell,agent,condition,replicate,study,gene,value,unit,recovery_hours
GSM7509031,1144,BJ,Bortezomib,treated,1,GSE235768,CDKN1A,12.604950684533158,log2_size_factor_normalized_count_plus_1,
GSM7509031,1144,BJ,Bortezomib,treated,1,GSE235768,CDKN2A,3.2274804209765655,log2_size_factor_normalized_count_plus_1,
GSM7509031,1144,BJ,Bortezomib,treated,1,GSE235768,LMNB1,0.0,log2_size_factor_normalized_count_plus_1,
GSM7509031,1144,BJ,Bortezomib,treated,1,GSE235768,MKI67,1.2596549065691491,log2_size_factor_normalized_count_plus_1,
GSM7509031,1144,BJ,Bortezomib,treated,1,GSE235768,IL6,0.0,log2_size_factor_normalized_count_plus_1,
GSM7509031,1144,BJ,Bortezomib,treated,1,GSE235768,CXCL8,7.334087583009451,log2_size_factor_normalized_count_plus_1,
GSM7509031,1144,BJ,Bortezomib,treated,1,GSE235768,SERPINE1,9.269870035257464,log2_size_factor_normalized_count_plus_1,
GSM7509031,1144,BJ,Bortezomib,treated,1,GSE235768,MMP3,13.613528062633934,log2_size_factor_normalized_count_plus_1,
GSM7509031,1144,BJ,Bortezomib,treated,1,GSE235768,GDF15,11.97584178333111,log2_size_factor_normalized_count_plus_1,
GSM7509032,1145,BJ,Bortezomib,treated,2,GSE235768,CDKN1A,12.35989495825459,log2_size_factor_normalized_count_plus_1,
GSM7509032,1145,BJ,Bortezomib,treated,2,GSE235768,CDKN2A,4.1510860652781325,log2_size_factor_normalized_count_plus_1,
GSM7509032,1145,BJ,Bortezomib,treated,2,GSE235768,LMNB1,2.017370060309694,log2_size_factor_normalized_count_plus_1,
GSM7509032,1145,BJ,Bortezomib,treated,2,GSE235768,MKI67,0.0,log2_size_factor_normalized_count_plus_1,
GSM7509032,1145,BJ,Bortezomib,treated,2,GSE235768,IL6,0.0,log2_size_factor_normalized_count_plus_1,
GSM7509032,1145,BJ,Bortezomib,treated,2,GSE235768,CXCL8,7.6041947540408446,log2_size_factor_normalized_count_plus_1,
GSM7509032,1145,BJ,Bortezomib,treated,2,GSE235768,SERPINE1,9.388307995098948,log2_size_factor_normalized_count_plus_1,
GSM7509032,1145,BJ,Bortezomib,treated,2,GSE235768,MMP3,13.20021948066093,log2_size_factor_normalized_count_plus_1,
GSM7509032,1145,BJ,Bortezomib,treated,2,GSE235768,GDF15,11.91565070030628,log2_size_factor_normalized_count_plus_1,
GSM7509033,1146,BJ,Bortezomib,treated,3,GSE235768,CDKN1A,12.44878367523022,log2_size_factor_normalized_count_plus_1,
GSM7509033,1146,BJ,Bortezomib,treated,3,GSE235768,CDKN2A,3.6482943945649966,log2_size_factor_normalized_count_plus_1,
GSM7509033,1146,BJ,Bortezomib,treated,3,GSE235768,LMNB1,0.0,log2_size_factor_normalized_count_plus_1,
GSM7509033,1146,BJ,Bortezomib,treated,3,GSE235768,MKI67,0.0,log2_size_factor_normalized_count_plus_1,
GSM7509033,1146,BJ,Bortezomib,treated,3,GSE235768,IL6,0.0,log2_size_factor_normalized_count_plus_1,
GSM7509033,1146,BJ,Bortezomib,treated,3,GSE235768,CXCL8,6.999139159405931,log2_size_factor_normalized_count_plus_1,
GSM7509033,1146,BJ,Bortezomib,treated,3,GSE235768,SERPINE1,9.081248452512376,log2_size_factor_normalized_count_plus_1,
GSM7509033,1146,BJ,Bortezomib,treated,3,GSE235768,MMP3,13.749386717434287,log2_size_factor_normalized_count_plus_1,
GSM7509033,1146,BJ,Bortezomib,treated,3,GSE235768,GDF15,11.700889152695918,log2_size_factor_normalized_count_plus_1,
GSM7509034,1147,BJ,Bortezomib,control,1,GSE235768,CDKN1A,11.33721206001993,log2_size_factor_normalized_count_plus_1,
GSM7509034,1147,BJ,Bortezomib,control,1,GSE235768,CDKN2A,6.452141496153709,log2_size_factor_normalized_count_plus_1,
GSM7509034,1147,BJ,Bortezomib,control,1,GSE235768,LMNB1,5.058676314415365,log2_size_factor_normalized_count_plus_1,
GSM7509034,1147,BJ,Bortezomib,control,1,GSE235768,MKI67,5.731792498555862,log2_size_factor_normalized_count_plus_1,
GSM7509034,1147,BJ,Bortezomib,control,1,GSE235768,IL6,0.0,log2_size_factor_normalized_count_plus_1,
GSM7509034,1147,BJ,Bortezomib,control,1,GSE235768,CXCL8,2.6355788329599616,log2_size_factor_normalized_count_plus_1,
GSM7509034,1147,BJ,Bortezomib,control,1,GSE235768,SERPINE1,8.536096843940028,log2_size_factor_normalized_count_plus_1,
GSM7509034,1147,BJ,Bortezomib,control,1,GSE235768,MMP3,8.41349546971346,log2_size_factor_normalized_count_plus_1,
GSM7509034,1147,BJ,Bortezomib,control,1,GSE235768,GDF15,8.967297028094805,log2_size_factor_normalized_count_plus_1,
GSM7509035,1148,BJ,Bortezomib,control,2,GSE235768,CDKN1A,11.050790975519304,log2_size_factor_normalized_count_plus_1,
GSM7509035,1148,BJ,Bortezomib,control,2,GSE235768,CDKN2A,6.753843215956676,log2_size_factor_normalized_count_plus_1,
GSM7509035,1148,BJ,Bortezomib,control,2,GSE235768,LMNB1,5.956479587034727,log2_size_factor_normalized_count_plus_1,
GSM7509035,1148,BJ,Bortezomib,control,2,GSE235768,MKI67,5.785425639507892,log2_size_factor_normalized_count_plus_1,
GSM7509035,1148,BJ,Bortezomib,control,2,GSE235768,IL6,3.422255672670008,log2_size_factor_normalized_count_plus_1,
GSM7509035,1148,BJ,Bortezomib,control,2,GSE235768,CXCL8,0.0,log2_size_factor_normalized_count_plus_1,
GSM7509035,1148,BJ,Bortezomib,control,2,GSE235768,SERPINE1,8.8517918357548,log2_size_factor_normalized_count_plus_1,
GSM7509035,1148,BJ,Bortezomib,control,2,GSE235768,MMP3,8.192810878271384,log2_size_factor_normalized_count_plus_1,
GSM7509035,1148,BJ,Bortezomib,control,2,GSE235768,GDF15,9.308793034012265,log2_size_factor_normalized_count_plus_1,
GSM7509036,1149,BJ,Bortezomib,control,3,GSE235768,CDKN1A,11.322689155149154,log2_size_factor_normalized_count_plus_1,
GSM7509036,1149,BJ,Bortezomib,control,3,GSE235768,CDKN2A,6.006456825969317,log2_size_factor_normalized_count_plus_1,
GSM7509036,1149,BJ,Bortezomib,control,3,GSE235768,LMNB1,4.789060942628943,log2_size_factor_normalized_count_plus_1,
GSM7509036,1149,BJ,Bortezomib,control,3,GSE235768,MKI67,5.791935921098192,log2_size_factor_normalized_count_plus_1,
GSM7509036,1149,BJ,Bortezomib,control,3,GSE235768,IL6,0.0,log2_size_factor_normalized_count_plus_1,
GSM7509036,1149,BJ,Bortezomib,control,3,GSE235768,CXCL8,1.0774478177612032,log2_size_factor_normalized_count_plus_1,
GSM7509036,1149,BJ,Bortezomib,control,3,GSE235768,SERPINE1,8.310319121191553,log2_size_factor_normalized_count_plus_1,
GSM7509036,1149,BJ,Bortezomib,control,3,GSE235768,MMP3,8.576797057246706,log2_size_factor_normalized_count_plus_1,
GSM7509036,1149,BJ,Bortezomib,control,3,GSE235768,GDF15,8.861413331501556,log2_size_factor_normalized_count_plus_1,
GSM7509037,1150,BJ,H2O2,treated,1,GSE235768,CDKN1A,12.976473159228135,log2_size_factor_normalized_count_plus_1,72.0
GSM7509037,1150,BJ,H2O2,treated,1,GSE235768,CDKN2A,6.013850326553962,log2_size_factor_normalized_count_plus_1,72.0
GSM7509037,1150,BJ,H2O2,treated,1,GSE235768,LMNB1,2.8278792932458847,log2_size_factor_normalized_count_plus_1,72.0
GSM7509037,1150,BJ,H2O2,treated,1,GSE235768,MKI67,2.8278792932458847,log2_size_factor_normalized_count_plus_1,72.0
GSM7509037,1150,BJ,H2O2,treated,1,GSE235768,IL6,1.8537612979085423,log2_size_factor_normalized_count_plus_1,72.0
GSM7509037,1150,BJ,H2O2,treated,1,GSE235768,CXCL8,3.722530858802259,log2_size_factor_normalized_count_plus_1,72.0
GSM7509037,1150,BJ,H2O2,treated,1,GSE235768,SERPINE1,10.255975412740774,log2_size_factor_normalized_count_plus_1,72.0
GSM7509037,1150,BJ,H2O2,treated,1,GSE235768,MMP3,12.048308848038811,log2_size_factor_normalized_count_plus_1,72.0
GSM7509037,1150,BJ,H2O2,treated,1,GSE235768,GDF15,11.140899888198518,log2_size_factor_normalized_count_plus_1,72.0
GSM7509038,1151,BJ,H2O2,treated,2,GSE235768,CDKN1A,14.232988617844667,log2_size_factor_normalized_count_plus_1,72.0
GSM7509038,1151,BJ,H2O2,treated,2,GSE235768,CDKN2A,0.0,log2_size_factor_normalized_count_plus_1,72.0
GSM7509038,1151,BJ,H2O2,treated,2,GSE235768,LMNB1,0.0,log2_size_factor_normalized_count_plus_1,72.0
GSM7509038,1151,BJ,H2O2,treated,2,GSE235768,MKI67,3.8086712011990973,log2_size_factor_normalized_count_plus_1,72.0
GSM7509038,1151,BJ,H2O2,treated,2,GSE235768,IL6,0.0,log2_size_factor_normalized_count_plus_1,72.0
GSM7509038,1151,BJ,H2O2,treated,2,GSE235768,CXCL8,1.6639350190340523,log2_size_factor_normalized_count_plus_1,72.0
GSM7509038,1151,BJ,H2O2,treated,2,GSE235768,SERPINE1,6.305180295729073,log2_size_factor_normalized_count_plus_1,72.0
GSM7509038,1151,BJ,H2O2,treated,2,GSE235768,MMP3,11.961962139384106,log2_size_factor_normalized_count_plus_1,72.0
GSM7509038,1151,BJ,H2O2,treated,2,GSE235768,GDF15,12.606973936300777,log2_size_factor_normalized_count_plus_1,72.0
GSM7509039,1152,BJ,H2O2,treated,3,GSE235768,CDKN1A,13.116739042537441,log2_size_factor_normalized_count_plus_1,72.0
GSM7509039,1152,BJ,H2O2,treated,3,GSE235768,CDKN2A,6.207497498121664,log2_size_factor_normalized_count_plus_1,72.0
GSM7509039,1152,BJ,H2O2,treated,3,GSE235768,LMNB1,2.724142240031482,log2_size_factor_normalized_count_plus_1,72.0
GSM7509039,1152,BJ,H2O2,treated,3,GSE235768,MKI67,2.4557909672254348,log2_size_factor_normalized_count_plus_1,72.0
GSM7509039,1152,BJ,H2O2,treated,3,GSE235768,IL6,1.6973597652788441,log2_size_factor_normalized_count_plus_1,72.0
GSM7509039,1152,BJ,H2O2,treated,3,GSE235768,CXCL8,3.7373493076813658,log2_size_factor_normalized_count_plus_1,72.0
GSM7509039,1152,BJ,H2O2,treated,3,GSE235768,SERPINE1,10.238131434800929,log2_size_factor_normalized_count_plus_1,72.0
GSM7509039,1152,BJ,H2O2,treated,3,GSE235768,MMP3,11.826313054764626,log2_size_factor_normalized_count_plus_1,72.0
GSM7509039,1152,BJ,H2O2,treated,3,GSE235768,GDF15,10.42861605534969,log2_size_factor_normalized_count_plus_1,72.0
GSM7509040,1153,BJ,H2O2,control,1,GSE235768,CDKN1A,11.112954936314425,log2_size_factor_normalized_count_plus_1,72.0
GSM7509040,1153,BJ,H2O2,control,1,GSE235768,CDKN2A,6.5806393375164465,log2_size_factor_normalized_count_plus_1,72.0
GSM7509040,1153,BJ,H2O2,control,1,GSE235768,LMNB1,4.6390795002782985,log2_size_factor_normalized_count_plus_1,72.0
GSM7509040,1153,BJ,H2O2,control,1,GSE235768,MKI67,6.024553133204544,log2_size_factor_normalized_count_plus_1,72.0
GSM7509040,1153,BJ,H2O2,control,1,GSE235768,IL6,1.9523647233513997,log2_size_factor_normalized_count_plus_1,72.0
GSM7509040,1153,BJ,H2O2,control,1,GSE235768,CXCL8,0.9684185440047761,log2_size_factor_normalized_count_plus_1,72.0
GSM7509040,1153,BJ,H2O2,control,1,GSE235768,SERPINE1,8.667602929915203,log2_size_factor_normalized_count_plus_1,72.0
GSM7509040,1153,BJ,H2O2,control,1,GSE235768,MMP3,8.667602929915203,log2_size_factor_normalized_count_plus_1,72.0
GSM7509040,1153,BJ,H2O2,control,1,GSE235768,GDF15,8.674375438877599,log2_size_factor_normalized_count_plus_1,72.0
GSM7509041,1154,BJ,H2O2,control,2,GSE235768,CDKN1A,11.01656346425271,log2_size_factor_normalized_count_plus_1,72.0
GSM7509041,1154,BJ,H2O2,control,2,GSE235768,CDKN2A,6.557775496495062,log2_size_factor_normalized_count_plus_1,72.0
GSM7509041,1154,BJ,H2O2,control,2,GSE235768,LMNB1,4.92582497666817,log2_size_factor_normalized_count_plus_1,72.0
GSM7509041,1154,BJ,H2O2,control,2,GSE235768,MKI67,6.3065393907780845,log2_size_factor_normalized_count_plus_1,72.0
GSM7509041,1154,BJ,H2O2,control,2,GSE235768,IL6,1.9515632119715258,log2_size_factor_normalized_count_plus_1,72.0
GSM7509041,1154,BJ,H2O2,control,2,GSE235768,CXCL8,2.406509769078992,log2_size_factor_normalized_count_plus_1,72.0
GSM7509041,1154,BJ,H2O2,control,2,GSE235768,SERPINE1,8.647734727497463,log2_size_factor_normalized_count_plus_1,72.0
GSM7509041,1154,BJ,H2O2,control,2,GSE235768,MMP3,9.052162690113278,log2_size_factor_normalized_count_plus_1,72.0
GSM7509041,1154,BJ,H2O2,control,2,GSE235768,GDF15,8.543474417584674,log2_size_factor_normalized_count_plus_1,72.0
GSM7509042,1155,BJ,H2O2,control,3,GSE235768,CDKN1A,11.038465991934151,log2_size_factor_normalized_count_plus_1,72.0
GSM7509042,1155,BJ,H2O2,control,3,GSE235768,CDKN2A,6.305187194241411,log2_size_factor_normalized_count_plus_1,72.0
GSM7509042,1155,BJ,H2O2,control,3,GSE235768,LMNB1,4.714807257085126,log2_size_factor_normalized_count_plus_1,72.0
GSM7509042,1155,BJ,H2O2,control,3,GSE235768,MKI67,5.950799033293851,log2_size_factor_normalized_count_plus_1,72.0
GSM7509042,1155,BJ,H2O2,control,3,GSE235768,IL6,0.0,log2_size_factor_normalized_count_plus_1,72.0
GSM7509042,1155,BJ,H2O2,control,3,GSE235768,CXCL8,1.7208842700433569,log2_size_factor_normalized_count_plus_1,72.0
GSM7509042,1155,BJ,H2O2,control,3,GSE235768,SERPINE1,8.417907391873126,log2_size_factor_normalized_count_plus_1,72.0
GSM7509042,1155,BJ,H2O2,control,3,GSE235768,MMP3,8.005887269095515,log2_size_factor_normalized_count_plus_1,72.0
GSM7509042,1155,BJ,H2O2,control,3,GSE235768,GDF15,8.745760353430526,log2_size_factor_normalized_count_plus_1,72.0
GSM7509043,1156,HFL1,Bortezomib,treated,1,GSE235768,CDKN1A,12.589946320081093,log2_size_factor_normalized_count_plus_1,
GSM7509043,1156,HFL1,Bortezomib,treated,1,GSE235768,CDKN2A,6.235735369281094,log2_size_factor_normalized_count_plus_1,
GSM7509043,1156,HFL1,Bortezomib,treated,1,GSE235768,LMNB1,2.4260347585403066,log2_size_factor_normalized_count_plus_1,
GSM7509043,1156,HFL1,Bortezomib,treated,1,GSE235768,MKI67,1.672231426063775,log2_size_factor_normalized_count_plus_1,
GSM7509043,1156,HFL1,Bortezomib,treated,1,GSE235768,IL6,2.4260347585403066,log2_size_factor_normalized_count_plus_1,
GSM7509043,1156,HFL1,Bortezomib,treated,1,GSE235768,CXCL8,6.570524838635922,log2_size_factor_normalized_count_plus_1,
GSM7509043,1156,HFL1,Bortezomib,treated,1,GSE235768,SERPINE1,10.746389358781213,log2_size_factor_normalized_count_plus_1,
GSM7509043,1156,HFL1,Bortezomib,treated,1,GSE235768,MMP3,8.91662378922591,log2_size_factor_normalized_count_plus_1,
GSM7509043,1156,HFL1,Bortezomib,treated,1,GSE235768,GDF15,8.308483950959168,log2_size_factor_normalized_count_plus_1,
GSM7509044,1157,HFL1,Bortezomib,treated,2,GSE235768,CDKN1A,13.051240087009658,log2_size_factor_normalized_count_plus_1,
GSM7509044,1157,HFL1,Bortezomib,treated,2,GSE235768,CDKN2A,4.974750100971536,log2_size_factor_normalized_count_plus_1,
GSM7509044,1157,HFL1,Bortezomib,treated,2,GSE235768,LMNB1,1.91368799177998,log2_size_factor_normalized_count_plus_1,
GSM7509044,1157,HFL1,Bortezomib,treated,2,GSE235768,MKI67,0.0,log2_size_factor_normalized_count_plus_1,
GSM7509044,1157,HFL1,Bortezomib,treated,2,GSE235768,IL6,0.0,log2_size_factor_normalized_count_plus_1,
GSM7509044,1157,HFL1,Bortezomib,treated,2,GSE235768,CXCL8,8.724772360582527,log2_size_factor_normalized_count_plus_1,
GSM7509044,1157,HFL1,Bortezomib,treated,2,GSE235768,SERPINE1,8.254783546421587,log2_size_factor_normalized_count_plus_1,
GSM7509044,1157,HFL1,Bortezomib,treated,2,GSE235768,MMP3,13.454663323160753,log2_size_factor_normalized_count_plus_1,
GSM7509044,1157,HFL1,Bortezomib,treated,2,GSE235768,GDF15,10.628214366259623,log2_size_factor_normalized_count_plus_1,
GSM7509045,1158,HFL1,Bortezomib,treated,3,GSE235768,CDKN1A,12.680805052009106,log2_size_factor_normalized_count_plus_1,
GSM7509045,1158,HFL1,Bortezomib,treated,3,GSE235768,CDKN2A,5.454707457680561,log2_size_factor_normalized_count_plus_1,
GSM7509045,1158,HFL1,Bortezomib,treated,3,GSE235768,LMNB1,2.327044796040259,log2_size_factor_normalized_count_plus_1,
GSM7509045,1158,HFL1,Bortezomib,treated,3,GSE235768,MKI67,1.2260490586733837,log2_size_factor_normalized_count_plus_1,
GSM7509045,1158,HFL1,Bortezomib,treated,3,GSE235768,IL6,0.0,log2_size_factor_normalized_count_plus_1,
GSM7509045,1158,HFL1,Bortezomib,treated,3,GSE235768,CXCL8,1.8791214135711303,log2_size_factor_normalized_count_plus_1,
GSM7509045,1158,HFL1,Bortezomib,treated,3,GSE235768,SERPINE1,11.261222225084902,log2_size_factor_normalized_count_plus_1,
GSM7509045,1158,HFL1,Bortezomib,treated,3,GSE235768,MMP3,9.275509386522566,log2_size_factor_normalized_count_plus_1,
GSM7509045,1158,HFL1,Bortezomib,treated,3,GSE235768,GDF15,7.666951724478494,log2_size_factor_normalized_count_plus_1,
GSM7509046,1159,HFL1,Bortezomib,control,1,GSE235768,CDKN1A,10.74266186904972,log2_size_factor_normalized_count_plus_1,
GSM7509046,1159,HFL1,Bortezomib,control,1,GSE235768,CDKN2A,6.47904781707911,log2_size_factor_normalized_count_plus_1,
GSM7509046,1159,HFL1,Bortezomib,control,1,GSE235768,LMNB1,7.0343000076820745,log2_size_factor_normalized_count_plus_1,
GSM7509046,1159,HFL1,Bortezomib,control,1,GSE235768,MKI67,8.31370177823717,log2_size_factor_normalized_count_plus_1,
GSM7509046,1159,HFL1,Bortezomib,control,1,GSE235768,IL6,0.9191162245310983,log2_size_factor_normalized_count_plus_1,
GSM7509046,1159,HFL1,Bortezomib,control,1,GSE235768,CXCL8,3.5473855122786047,log2_size_factor_normalized_count_plus_1,
GSM7509046,1159,HFL1,Bortezomib,control,1,GSE235768,SERPINE1,12.130091574739138,log2_size_factor_normalized_count_plus_1,
GSM7509046,1159,HFL1,Bortezomib,control,1,GSE235768,MMP3,7.252311724537149,log2_size_factor_normalized_count_plus_1,
GSM7509046,1159,HFL1,Bortezomib,control,1,GSE235768,GDF15,8.048340515397435,log2_size_factor_normalized_count_plus_1,
GSM7509047,1160,HFL1,Bortezomib,control,2,GSE235768,CDKN1A,10.483739006761335,log2_size_factor_normalized_count_plus_1,
GSM7509047,1160,HFL1,Bortezomib,control,2,GSE235768,CDKN2A,7.334826664309038,log2_size_factor_normalized_count_plus_1,
GSM7509047,1160,HFL1,Bortezomib,control,2,GSE235768,LMNB1,7.446630993784973,log2_size_factor_normalized_count_plus_1,
GSM7509047,1160,HFL1,Bortezomib,control,2,GSE235768,MKI67,8.442489963701304,log2_size_factor_normalized_count_plus_1,
GSM7509047,1160,HFL1,Bortezomib,control,2,GSE235768,IL6,2.6826105803134377,log2_size_factor_normalized_count_plus_1,
GSM7509047,1160,HFL1,Bortezomib,control,2,GSE235768,CXCL8,3.27385384036023,log2_size_factor_normalized_count_plus_1,
GSM7509047,1160,HFL1,Bortezomib,control,2,GSE235768,SERPINE1,11.702743243456867,log2_size_factor_normalized_count_plus_1,
GSM7509047,1160,HFL1,Bortezomib,control,2,GSE235768,MMP3,7.092800979032862,log2_size_factor_normalized_count_plus_1,
GSM7509047,1160,HFL1,Bortezomib,control,2,GSE235768,GDF15,7.870778566933873,log2_size_factor_normalized_count_plus_1,
GSM7509048,1161,HFL1,Bortezomib,control,3,GSE235768,CDKN1A,10.497507911851407,log2_size_factor_normalized_count_plus_1,
GSM7509048,1161,HFL1,Bortezomib,control,3,GSE235768,CDKN2A,6.854455898079666,log2_size_factor_normalized_count_plus_1,
GSM7509048,1161,HFL1,Bortezomib,control,3,GSE235768,LMNB1,7.700951124456534,log2_size_factor_normalized_count_plus_1,
GSM7509048,1161,HFL1,Bortezomib,control,3,GSE235768,MKI67,8.42701339345893,log2_size_factor_normalized_count_plus_1,
GSM7509048,1161,HFL1,Bortezomib,control,3,GSE235768,IL6,0.0,log2_size_factor_normalized_count_plus_1,
GSM7509048,1161,HFL1,Bortezomib,control,3,GSE235768,CXCL8,1.9695766052353958,log2_size_factor_normalized_count_plus_1,
GSM7509048,1161,HFL1,Bortezomib,control,3,GSE235768,SERPINE1,11.6334961160027,log2_size_factor_normalized_count_plus_1,
GSM7509048,1161,HFL1,Bortezomib,control,3,GSE235768,MMP3,7.003998091365214,log2_size_factor_normalized_count_plus_1,
GSM7509048,1161,HFL1,Bortezomib,control,3,GSE235768,GDF15,7.666847885235244,log2_size_factor_normalized_count_plus_1,
GSM7509049,1163,HFL1,H2O2,treated,1,GSE235768,CDKN1A,13.096955892628857,log2_size_factor_normalized_count_plus_1,72.0
GSM7509049,1163,HFL1,H2O2,treated,1,GSE235768,CDKN2A,6.8277625576292476,log2_size_factor_normalized_count_plus_1,72.0
GSM7509049,1163,HFL1,H2O2,treated,1,GSE235768,LMNB1,3.734995551206207,log2_size_factor_normalized_count_plus_1,72.0
GSM7509049,1163,HFL1,H2O2,treated,1,GSE235768,MKI67,3.156538173035442,log2_size_factor_normalized_count_plus_1,72.0
GSM7509049,1163,HFL1,H2O2,treated,1,GSE235768,IL6,0.0,log2_size_factor_normalized_count_plus_1,72.0
GSM7509049,1163,HFL1,H2O2,treated,1,GSE235768,CXCL8,0.9104661715090716,log2_size_factor_normalized_count_plus_1,72.0
GSM7509049,1163,HFL1,H2O2,treated,1,GSE235768,SERPINE1,10.4616878841753,log2_size_factor_normalized_count_plus_1,72.0
GSM7509049,1163,HFL1,H2O2,treated,1,GSE235768,MMP3,8.60986639228977,log2_size_factor_normalized_count_plus_1,72.0
GSM7509049,1163,HFL1,H2O2,treated,1,GSE235768,GDF15,10.762012308706767,log2_size_factor_normalized_count_plus_1,72.0
GSM7509050,1165,HFL1,H2O2,treated,2,GSE235768,CDKN1A,13.187673558929733,log2_size_factor_normalized_count_plus_1,72.0
GSM7509050,1165,HFL1,H2O2,treated,2,GSE235768,CDKN2A,6.627227135376115,log2_size_factor_normalized_count_plus_1,72.0
GSM7509050,1165,HFL1,H2O2,treated,2,GSE235768,LMNB1,3.3199921319800523,log2_size_factor_normalized_count_plus_1,72.0
GSM7509050,1165,HFL1,H2O2,treated,2,GSE235768,MKI67,2.8055112067929158,log2_size_factor_normalized_count_plus_1,72.0
GSM7509050,1165,HFL1,H2O2,treated,2,GSE235768,IL6,0.0,log2_size_factor_normalized_count_plus_1,72.0
GSM7509050,1165,HFL1,H2O2,treated,2,GSE235768,CXCL8,1.9983868780395597,log2_size_factor_normalized_count_plus_1,72.0
GSM7509050,1165,HFL1,H2O2,treated,2,GSE235768,SERPINE1,8.619906053146444,log2_size_factor_normalized_count_plus_1,72.0
GSM7509050,1165,HFL1,H2O2,treated,2,GSE235768,MMP3,7.207316681390308,log2_size_factor_normalized_count_plus_1,72.0
GSM7509050,1165,HFL1,H2O2,treated,2,GSE235768,GDF15,10.152668767154786,log2_size_factor_normalized_count_plus_1,72.0
GSM7509051,1166,HFL1,H2O2,treated,3,GSE235768,CDKN1A,12.983551487635525,log2_size_factor_normalized_count_plus_1,72.0
GSM7509051,1166,HFL1,H2O2,treated,3,GSE235768,CDKN2A,6.8648865882785275,log2_size_factor_normalized_count_plus_1,72.0
GSM7509051,1166,HFL1,H2O2,treated,3,GSE235768,LMNB1,2.8913821976942695,log2_size_factor_normalized_count_plus_1,72.0
GSM7509051,1166,HFL1,H2O2,treated,3,GSE235768,MKI67,3.210083509803002,log2_size_factor_normalized_count_plus_1,72.0
GSM7509051,1166,HFL1,H2O2,treated,3,GSE235768,IL6,2.7010375539238405,log2_size_factor_normalized_count_plus_1,72.0
GSM7509051,1166,HFL1,H2O2,treated,3,GSE235768,CXCL8,3.5856101449717372,log2_size_factor_normalized_count_plus_1,72.0
GSM7509051,1166,HFL1,H2O2,treated,3,GSE235768,SERPINE1,10.487205876089002,log2_size_factor_normalized_count_plus_1,72.0
GSM7509051,1166,HFL1,H2O2,treated,3,GSE235768,MMP3,9.765577285444667,log2_size_factor_normalized_count_plus_1,72.0
GSM7509051,1166,HFL1,H2O2,treated,3,GSE235768,GDF15,11.49864123978668,log2_size_factor_normalized_count_plus_1,72.0
GSM7509052,1162,HFL1,H2O2,control,1,GSE235768,CDKN1A,10.587388065184186,log2_size_factor_normalized_count_plus_1,72.0
GSM7509052,1162,HFL1,H2O2,control,1,GSE235768,CDKN2A,7.285193050045034,log2_size_factor_normalized_count_plus_1,72.0
GSM7509052,1162,HFL1,H2O2,control,1,GSE235768,LMNB1,6.647532948559773,log2_size_factor_normalized_count_plus_1,72.0
GSM7509052,1162,HFL1,H2O2,control,1,GSE235768,MKI67,6.95143607594885,log2_size_factor_normalized_count_plus_1,72.0
GSM7509052,1162,HFL1,H2O2,control,1,GSE235768,IL6,2.420427777213916,log2_size_factor_normalized_count_plus_1,72.0
GSM7509052,1162,HFL1,H2O2,control,1,GSE235768,CXCL8,0.9035469508851124,log2_size_factor_normalized_count_plus_1,72.0
GSM7509052,1162,HFL1,H2O2,control,1,GSE235768,SERPINE1,8.888037212322978,log2_size_factor_normalized_count_plus_1,72.0
GSM7509052,1162,HFL1,H2O2,control,1,GSE235768,MMP3,3.8135135982890356,log2_size_factor_normalized_count_plus_1,72.0
GSM7509052,1162,HFL1,H2O2,control,1,GSE235768,GDF15,8.218659498782605,log2_size_factor_normalized_count_plus_1,72.0
GSM7509053,1164,HFL1,H2O2,control,2,GSE235768,CDKN1A,10.635559778025268,log2_size_factor_normalized_count_plus_1,72.0
GSM7509053,1164,HFL1,H2O2,control,2,GSE235768,CDKN2A,7.315930883961223,log2_size_factor_normalized_count_plus_1,72.0
GSM7509053,1164,HFL1,H2O2,control,2,GSE235768,LMNB1,5.963374610665277,log2_size_factor_normalized_count_plus_1,72.0
GSM7509053,1164,HFL1,H2O2,control,2,GSE235768,MKI67,6.6606651902860445,log2_size_factor_normalized_count_plus_1,72.0
GSM7509053,1164,HFL1,H2O2,control,2,GSE235768,IL6,2.3331920033270905,log2_size_factor_normalized_count_plus_1,72.0
GSM7509053,1164,HFL1,H2O2,control,2,GSE235768,CXCL8,0.0,log2_size_factor_normalized_count_plus_1,72.0
GSM7509053,1164,HFL1,H2O2,control,2,GSE235768,SERPINE1,8.952441089111252,log2_size_factor_normalized_count_plus_1,72.0
GSM7509053,1164,HFL1,H2O2,control,2,GSE235768,MMP3,3.7996478661657394,log2_size_factor_normalized_count_plus_1,72.0
GSM7509053,1164,HFL1,H2O2,control,2,GSE235768,GDF15,7.863254197454386,log2_size_factor_normalized_count_plus_1,72.0
GSM7509054,1167,HFL1,H2O2,control,3,GSE235768,CDKN1A,10.738301177233835,log2_size_factor_normalized_count_plus_1,72.0
GSM7509054,1167,HFL1,H2O2,control,3,GSE235768,CDKN2A,7.367518951987084,log2_size_factor_normalized_count_plus_1,72.0
GSM7509054,1167,HFL1,H2O2,control,3,GSE235768,LMNB1,6.156728231878658,log2_size_factor_normalized_count_plus_1,72.0
GSM7509054,1167,HFL1,H2O2,control,3,GSE235768,MKI67,7.064718520646787,log2_size_factor_normalized_count_plus_1,72.0
GSM7509054,1167,HFL1,H2O2,control,3,GSE235768,IL6,1.081733474086242,log2_size_factor_normalized_count_plus_1,72.0
GSM7509054,1167,HFL1,H2O2,control,3,GSE235768,CXCL8,2.120926913108598,log2_size_factor_normalized_count_plus_1,72.0
GSM7509054,1167,HFL1,H2O2,control,3,GSE235768,SERPINE1,8.975733293035688,log2_size_factor_normalized_count_plus_1,72.0
GSM7509054,1167,HFL1,H2O2,control,3,GSE235768,MMP3,4.055897414805581,log2_size_factor_normalized_count_plus_1,72.0
GSM7509054,1167,HFL1,H2O2,control,3,GSE235768,GDF15,8.52494938995757,log2_size_factor_normalized_count_plus_1,72.0
