cell,agent,gene,difference_log2_normalized_counts_plus_1,lo95,hi95,n_treated,n_control,multiplicity_adjusted
BJ,Bortezomib,CDKN1A,1.2343123757765255,0.8994096222215295,1.5692151293315215,3,3,False
BJ,Bortezomib,CDKN2A,-2.7285268857533356,-3.6997573288246794,-1.7572964426819917,3,3,False
BJ,Bortezomib,CXCL8,6.074798281911687,2.9862022210304238,9.163394342792952,3,3,False
BJ,Bortezomib,GDF15,2.818292747574894,2.3406900746763926,3.2958954204733955,3,3,False
BJ,Bortezomib,IL6,-1.1407518908900027,-6.049011128194732,3.7675073464147273,3,3,False
BJ,Bortezomib,LMNB1,-4.5956155945897805,-7.001673081114564,-2.1895581080649964,3,3,False
BJ,Bortezomib,MKI67,-5.349833050864266,-7.151220811303924,-3.5484452904246084,3,3,False
BJ,Bortezomib,MMP3,5.126676951832536,4.541671731057293,5.711682172607779,3,3,False
BJ,Bortezomib,SERPINE1,0.6804062273274702,0.1227291989377266,1.238083255717214,3,3,False
BJ,H2O2,CDKN1A,2.3860721423696507,0.6884408253036662,4.083703459435635,3,3,False
BJ,H2O2,CDKN2A,-2.4074180678590977,-11.15161554274794,6.336779407029745,3,3,False
BJ,H2O2,CXCL8,1.3426675341301844,-1.0956581955374258,3.7809932637977948,3,3,False
BJ,H2O2,GDF15,2.7376265566520637,0.01081443125666981,5.464438682047458,3,3,False
BJ,H2O2,IL6,-0.11760229071184636,-2.5709993762770336,2.335794794853341,3,3,False
BJ,H2O2,LMNB1,-2.9092300669180755,-6.845752592785301,1.0272924589491503,3,3,False
BJ,H2O2,MKI67,-3.063183365202021,-4.660991247803078,-1.4653754826009644,3,3,False
BJ,H2O2,MMP3,3.3703103843545126,2.1267675429039636,4.6138532258050615,3,3,False
BJ,H2O2,SERPINE1,0.35534736466166095,-5.268820743226857,5.979515472550179,3,3,False
HFL1,Bortezomib,CDKN1A,2.1993608904791326,1.699628397457097,2.699093383501168,3,3,False
HFL1,Bortezomib,CDKN2A,-1.3343791505115412,-2.6361341135620666,-0.032624187461015586,3,3,False
HFL1,Bortezomib,CXCL8,2.7945342183051163,-5.3171013857148335,10.906169822325067,3,3,False
HFL1,Bortezomib,GDF15,1.0058943580435793,-2.786110628053487,4.797899344140646,3,3,False
HFL1,Bortezomib,IL6,-0.3918973487680766,-3.525962706399558,2.7421680088634055,3,3,False
HFL1,Bortezomib,LMNB1,-5.171704859854346,-5.877231789605602,-4.46617793010309,3,3,False
HFL1,Bortezomib,MKI67,-7.428308216886747,-9.55969172102651,-5.296924712746984,3,3,False
HFL1,Bortezomib,MMP3,3.432561901324669,-2.812604508797013,9.677728311446351,3,3,False
HFL1,Bortezomib,SERPINE1,-1.7346452679703361,-5.585628717499024,2.1163381815583513,3,3,False
HFL1,H2O2,CDKN1A,2.4356439729169423,2.224064185102206,2.647223760731679,3,3,False
HFL1,H2O2,CDKN2A,-0.5495888682364836,-0.8338461937011027,-0.26533154277186444,3,3,False
HFL1,H2O2,CXCL8,1.156663110175553,-1.6514990295350127,3.9648252498861183,3,3,False
HFL1,H2O2,GDF15,2.602153076484557,1.1986087898255682,4.005697363143545,3,3,False
HFL1,H2O2,IL6,-1.0447719002344695,-4.302314998111365,2.212771197642426,3,3,False
HFL1,H2O2,LMNB1,-2.9404219700743934,-3.8328216614265385,-2.0480222787222484,3,3,False
HFL1,H2O2,MKI67,-3.8348956324167736,-4.320937852147308,-3.348853412686239,3,3,False
HFL1,H2O2,MMP3,4.637900493288132,1.5099248014632445,7.7658761851130205,3,3,False
HFL1,H2O2,SERPINE1,0.9175294063136086,-1.735737683791982,3.570796496419199,3,3,False
