study,sample,title,condition,replicate,time_days,time_origin,exposure,gene,value,unit,evidence
GSE144397,GSM3057176,WI38_QUIESCENCE_REP1_T0,QUIESCENCE,1,0.0,start_of_induction,continuous,CDKN1A,9.0,submitter_normalised_log2_array_expression,other_system_RNA
GSE144397,GSM3057176,WI38_QUIESCENCE_REP1_T0,QUIESCENCE,1,0.0,start_of_induction,continuous,CDKN2A,6.5,submitter_normalised_log2_array_expression,other_system_RNA
GSE144397,GSM3057176,WI38_QUIESCENCE_REP1_T0,QUIESCENCE,1,0.0,start_of_induction,continuous,LMNB1,8.3,submitter_normalised_log2_array_expression,other_system_RNA
GSE144397,GSM3057176,WI38_QUIESCENCE_REP1_T0,QUIESCENCE,1,0.0,start_of_induction,continuous,MKI67,9.1,submitter_normalised_log2_array_expression,other_system_RNA
GSE144397,GSM3057176,WI38_QUIESCENCE_REP1_T0,QUIESCENCE,1,0.0,start_of_induction,continuous,IL6,7.1,submitter_normalised_log2_array_expression,other_system_RNA
GSE144397,GSM3057176,WI38_QUIESCENCE_REP1_T0,QUIESCENCE,1,0.0,start_of_induction,continuous,CXCL8,6.9,submitter_normalised_log2_array_expression,other_system_RNA
GSE144397,GSM3057176,WI38_QUIESCENCE_REP1_T0,QUIESCENCE,1,0.0,start_of_induction,continuous,SERPINE1,11.3,submitter_normalised_log2_array_expression,other_system_RNA
GSE144397,GSM3057176,WI38_QUIESCENCE_REP1_T0,QUIESCENCE,1,0.0,start_of_induction,continuous,MMP3,7.2,submitter_normalised_log2_array_expression,other_system_RNA
GSE144397,GSM3057176,WI38_QUIESCENCE_REP1_T0,QUIESCENCE,1,0.0,start_of_induction,continuous,GDF15,9.2,submitter_normalised_log2_array_expression,other_system_RNA
GSE144397,GSM3057177,WI38_QUIESCENCE_REP1_12H,QUIESCENCE,1,0.5,start_of_induction,continuous,CDKN1A,9.3,submitter_normalised_log2_array_expression,other_system_RNA
GSE144397,GSM3057177,WI38_QUIESCENCE_REP1_12H,QUIESCENCE,1,0.5,start_of_induction,continuous,CDKN2A,6.4,submitter_normalised_log2_array_expression,other_system_RNA
GSE144397,GSM3057177,WI38_QUIESCENCE_REP1_12H,QUIESCENCE,1,0.5,start_of_induction,continuous,LMNB1,7.2,submitter_normalised_log2_array_expression,other_system_RNA
GSE144397,GSM3057177,WI38_QUIESCENCE_REP1_12H,QUIESCENCE,1,0.5,start_of_induction,continuous,MKI67,8.7,submitter_normalised_log2_array_expression,other_system_RNA
GSE144397,GSM3057177,WI38_QUIESCENCE_REP1_12H,QUIESCENCE,1,0.5,start_of_induction,continuous,IL6,4.9,submitter_normalised_log2_array_expression,other_system_RNA
GSE144397,GSM3057177,WI38_QUIESCENCE_REP1_12H,QUIESCENCE,1,0.5,start_of_induction,continuous,CXCL8,7.5,submitter_normalised_log2_array_expression,other_system_RNA
GSE144397,GSM3057177,WI38_QUIESCENCE_REP1_12H,QUIESCENCE,1,0.5,start_of_induction,continuous,SERPINE1,10.9,submitter_normalised_log2_array_expression,other_system_RNA
GSE144397,GSM3057177,WI38_QUIESCENCE_REP1_12H,QUIESCENCE,1,0.5,start_of_induction,continuous,MMP3,9.4,submitter_normalised_log2_array_expression,other_system_RNA
GSE144397,GSM3057177,WI38_QUIESCENCE_REP1_12H,QUIESCENCE,1,0.5,start_of_induction,continuous,GDF15,9.0,submitter_normalised_log2_array_expression,other_system_RNA
GSE144397,GSM3057178,WI38_QUIESCENCE_REP1_24H,QUIESCENCE,1,1.0,start_of_induction,continuous,CDKN1A,9.5,submitter_normalised_log2_array_expression,other_system_RNA
GSE144397,GSM3057178,WI38_QUIESCENCE_REP1_24H,QUIESCENCE,1,1.0,start_of_induction,continuous,CDKN2A,6.4,submitter_normalised_log2_array_expression,other_system_RNA
GSE144397,GSM3057178,WI38_QUIESCENCE_REP1_24H,QUIESCENCE,1,1.0,start_of_induction,continuous,LMNB1,6.6,submitter_normalised_log2_array_expression,other_system_RNA
GSE144397,GSM3057178,WI38_QUIESCENCE_REP1_24H,QUIESCENCE,1,1.0,start_of_induction,continuous,MKI67,7.8,submitter_normalised_log2_array_expression,other_system_RNA
GSE144397,GSM3057178,WI38_QUIESCENCE_REP1_24H,QUIESCENCE,1,1.0,start_of_induction,continuous,IL6,5.2,submitter_normalised_log2_array_expression,other_system_RNA
GSE144397,GSM3057178,WI38_QUIESCENCE_REP1_24H,QUIESCENCE,1,1.0,start_of_induction,continuous,CXCL8,7.7,submitter_normalised_log2_array_expression,other_system_RNA
GSE144397,GSM3057178,WI38_QUIESCENCE_REP1_24H,QUIESCENCE,1,1.0,start_of_induction,continuous,SERPINE1,10.8,submitter_normalised_log2_array_expression,other_system_RNA
GSE144397,GSM3057178,WI38_QUIESCENCE_REP1_24H,QUIESCENCE,1,1.0,start_of_induction,continuous,MMP3,9.1,submitter_normalised_log2_array_expression,other_system_RNA
GSE144397,GSM3057178,WI38_QUIESCENCE_REP1_24H,QUIESCENCE,1,1.0,start_of_induction,continuous,GDF15,8.9,submitter_normalised_log2_array_expression,other_system_RNA
GSE144397,GSM3057179,WI38_QUIESCENCE_REP1_48H,QUIESCENCE,1,2.0,start_of_induction,continuous,CDKN1A,9.4,submitter_normalised_log2_array_expression,other_system_RNA
GSE144397,GSM3057179,WI38_QUIESCENCE_REP1_48H,QUIESCENCE,1,2.0,start_of_induction,continuous,CDKN2A,6.5,submitter_normalised_log2_array_expression,other_system_RNA
GSE144397,GSM3057179,WI38_QUIESCENCE_REP1_48H,QUIESCENCE,1,2.0,start_of_induction,continuous,LMNB1,6.2,submitter_normalised_log2_array_expression,other_system_RNA
GSE144397,GSM3057179,WI38_QUIESCENCE_REP1_48H,QUIESCENCE,1,2.0,start_of_induction,continuous,MKI67,6.8,submitter_normalised_log2_array_expression,other_system_RNA
GSE144397,GSM3057179,WI38_QUIESCENCE_REP1_48H,QUIESCENCE,1,2.0,start_of_induction,continuous,IL6,5.6,submitter_normalised_log2_array_expression,other_system_RNA
GSE144397,GSM3057179,WI38_QUIESCENCE_REP1_48H,QUIESCENCE,1,2.0,start_of_induction,continuous,CXCL8,7.7,submitter_normalised_log2_array_expression,other_system_RNA
GSE144397,GSM3057179,WI38_QUIESCENCE_REP1_48H,QUIESCENCE,1,2.0,start_of_induction,continuous,SERPINE1,11.2,submitter_normalised_log2_array_expression,other_system_RNA
GSE144397,GSM3057179,WI38_QUIESCENCE_REP1_48H,QUIESCENCE,1,2.0,start_of_induction,continuous,MMP3,9.1,submitter_normalised_log2_array_expression,other_system_RNA
GSE144397,GSM3057179,WI38_QUIESCENCE_REP1_48H,QUIESCENCE,1,2.0,start_of_induction,continuous,GDF15,9.2,submitter_normalised_log2_array_expression,other_system_RNA
GSE144397,GSM3057180,WI38_QUIESCENCE_REP1_72H,QUIESCENCE,1,3.0,start_of_induction,continuous,CDKN1A,9.3,submitter_normalised_log2_array_expression,other_system_RNA
GSE144397,GSM3057180,WI38_QUIESCENCE_REP1_72H,QUIESCENCE,1,3.0,start_of_induction,continuous,CDKN2A,6.5,submitter_normalised_log2_array_expression,other_system_RNA
GSE144397,GSM3057180,WI38_QUIESCENCE_REP1_72H,QUIESCENCE,1,3.0,start_of_induction,continuous,LMNB1,6.6,submitter_normalised_log2_array_expression,other_system_RNA
GSE144397,GSM3057180,WI38_QUIESCENCE_REP1_72H,QUIESCENCE,1,3.0,start_of_induction,continuous,MKI67,7.9,submitter_normalised_log2_array_expression,other_system_RNA
GSE144397,GSM3057180,WI38_QUIESCENCE_REP1_72H,QUIESCENCE,1,3.0,start_of_induction,continuous,IL6,6.5,submitter_normalised_log2_array_expression,other_system_RNA
GSE144397,GSM3057180,WI38_QUIESCENCE_REP1_72H,QUIESCENCE,1,3.0,start_of_induction,continuous,CXCL8,7.4,submitter_normalised_log2_array_expression,other_system_RNA
GSE144397,GSM3057180,WI38_QUIESCENCE_REP1_72H,QUIESCENCE,1,3.0,start_of_induction,continuous,SERPINE1,11.6,submitter_normalised_log2_array_expression,other_system_RNA
GSE144397,GSM3057180,WI38_QUIESCENCE_REP1_72H,QUIESCENCE,1,3.0,start_of_induction,continuous,MMP3,8.7,submitter_normalised_log2_array_expression,other_system_RNA
GSE144397,GSM3057180,WI38_QUIESCENCE_REP1_72H,QUIESCENCE,1,3.0,start_of_induction,continuous,GDF15,9.4,submitter_normalised_log2_array_expression,other_system_RNA
GSE144397,GSM3057181,WI38_QUIESCENCE_REP1_96H,QUIESCENCE,1,4.0,start_of_induction,continuous,CDKN1A,9.4,submitter_normalised_log2_array_expression,other_system_RNA
GSE144397,GSM3057181,WI38_QUIESCENCE_REP1_96H,QUIESCENCE,1,4.0,start_of_induction,continuous,CDKN2A,6.4,submitter_normalised_log2_array_expression,other_system_RNA
GSE144397,GSM3057181,WI38_QUIESCENCE_REP1_96H,QUIESCENCE,1,4.0,start_of_induction,continuous,LMNB1,6.5,submitter_normalised_log2_array_expression,other_system_RNA
GSE144397,GSM3057181,WI38_QUIESCENCE_REP1_96H,QUIESCENCE,1,4.0,start_of_induction,continuous,MKI67,7.8,submitter_normalised_log2_array_expression,other_system_RNA
GSE144397,GSM3057181,WI38_QUIESCENCE_REP1_96H,QUIESCENCE,1,4.0,start_of_induction,continuous,IL6,6.3,submitter_normalised_log2_array_expression,other_system_RNA
GSE144397,GSM3057181,WI38_QUIESCENCE_REP1_96H,QUIESCENCE,1,4.0,start_of_induction,continuous,CXCL8,7.4,submitter_normalised_log2_array_expression,other_system_RNA
GSE144397,GSM3057181,WI38_QUIESCENCE_REP1_96H,QUIESCENCE,1,4.0,start_of_induction,continuous,SERPINE1,11.7,submitter_normalised_log2_array_expression,other_system_RNA
GSE144397,GSM3057181,WI38_QUIESCENCE_REP1_96H,QUIESCENCE,1,4.0,start_of_induction,continuous,MMP3,8.9,submitter_normalised_log2_array_expression,other_system_RNA
GSE144397,GSM3057181,WI38_QUIESCENCE_REP1_96H,QUIESCENCE,1,4.0,start_of_induction,continuous,GDF15,9.5,submitter_normalised_log2_array_expression,other_system_RNA
GSE144397,GSM3057182,WI38_QUIESCENCE_REP2_T0,QUIESCENCE,2,0.0,start_of_induction,continuous,CDKN1A,9.1,submitter_normalised_log2_array_expression,other_system_RNA
GSE144397,GSM3057182,WI38_QUIESCENCE_REP2_T0,QUIESCENCE,2,0.0,start_of_induction,continuous,CDKN2A,6.5,submitter_normalised_log2_array_expression,other_system_RNA
GSE144397,GSM3057182,WI38_QUIESCENCE_REP2_T0,QUIESCENCE,2,0.0,start_of_induction,continuous,LMNB1,8.3,submitter_normalised_log2_array_expression,other_system_RNA
GSE144397,GSM3057182,WI38_QUIESCENCE_REP2_T0,QUIESCENCE,2,0.0,start_of_induction,continuous,MKI67,9.1,submitter_normalised_log2_array_expression,other_system_RNA
GSE144397,GSM3057182,WI38_QUIESCENCE_REP2_T0,QUIESCENCE,2,0.0,start_of_induction,continuous,IL6,6.7,submitter_normalised_log2_array_expression,other_system_RNA
GSE144397,GSM3057182,WI38_QUIESCENCE_REP2_T0,QUIESCENCE,2,0.0,start_of_induction,continuous,CXCL8,6.5,submitter_normalised_log2_array_expression,other_system_RNA
GSE144397,GSM3057182,WI38_QUIESCENCE_REP2_T0,QUIESCENCE,2,0.0,start_of_induction,continuous,SERPINE1,11.4,submitter_normalised_log2_array_expression,other_system_RNA
GSE144397,GSM3057182,WI38_QUIESCENCE_REP2_T0,QUIESCENCE,2,0.0,start_of_induction,continuous,MMP3,7.2,submitter_normalised_log2_array_expression,other_system_RNA
GSE144397,GSM3057182,WI38_QUIESCENCE_REP2_T0,QUIESCENCE,2,0.0,start_of_induction,continuous,GDF15,9.4,submitter_normalised_log2_array_expression,other_system_RNA
GSE144397,GSM3057183,WI38_QUIESCENCE_REP2_12H,QUIESCENCE,2,0.5,start_of_induction,continuous,CDKN1A,9.2,submitter_normalised_log2_array_expression,other_system_RNA
GSE144397,GSM3057183,WI38_QUIESCENCE_REP2_12H,QUIESCENCE,2,0.5,start_of_induction,continuous,CDKN2A,6.5,submitter_normalised_log2_array_expression,other_system_RNA
GSE144397,GSM3057183,WI38_QUIESCENCE_REP2_12H,QUIESCENCE,2,0.5,start_of_induction,continuous,LMNB1,7.6,submitter_normalised_log2_array_expression,other_system_RNA
GSE144397,GSM3057183,WI38_QUIESCENCE_REP2_12H,QUIESCENCE,2,0.5,start_of_induction,continuous,MKI67,8.7,submitter_normalised_log2_array_expression,other_system_RNA
GSE144397,GSM3057183,WI38_QUIESCENCE_REP2_12H,QUIESCENCE,2,0.5,start_of_induction,continuous,IL6,5.0,submitter_normalised_log2_array_expression,other_system_RNA
GSE144397,GSM3057183,WI38_QUIESCENCE_REP2_12H,QUIESCENCE,2,0.5,start_of_induction,continuous,CXCL8,7.7,submitter_normalised_log2_array_expression,other_system_RNA
GSE144397,GSM3057183,WI38_QUIESCENCE_REP2_12H,QUIESCENCE,2,0.5,start_of_induction,continuous,SERPINE1,11.0,submitter_normalised_log2_array_expression,other_system_RNA
GSE144397,GSM3057183,WI38_QUIESCENCE_REP2_12H,QUIESCENCE,2,0.5,start_of_induction,continuous,MMP3,8.8,submitter_normalised_log2_array_expression,other_system_RNA
GSE144397,GSM3057183,WI38_QUIESCENCE_REP2_12H,QUIESCENCE,2,0.5,start_of_induction,continuous,GDF15,9.0,submitter_normalised_log2_array_expression,other_system_RNA
GSE144397,GSM3057184,WI38_QUIESCENCE_REP2_24H,QUIESCENCE,2,1.0,start_of_induction,continuous,CDKN1A,9.4,submitter_normalised_log2_array_expression,other_system_RNA
GSE144397,GSM3057184,WI38_QUIESCENCE_REP2_24H,QUIESCENCE,2,1.0,start_of_induction,continuous,CDKN2A,6.4,submitter_normalised_log2_array_expression,other_system_RNA
GSE144397,GSM3057184,WI38_QUIESCENCE_REP2_24H,QUIESCENCE,2,1.0,start_of_induction,continuous,LMNB1,6.6,submitter_normalised_log2_array_expression,other_system_RNA
GSE144397,GSM3057184,WI38_QUIESCENCE_REP2_24H,QUIESCENCE,2,1.0,start_of_induction,continuous,MKI67,7.8,submitter_normalised_log2_array_expression,other_system_RNA
GSE144397,GSM3057184,WI38_QUIESCENCE_REP2_24H,QUIESCENCE,2,1.0,start_of_induction,continuous,IL6,5.3,submitter_normalised_log2_array_expression,other_system_RNA
GSE144397,GSM3057184,WI38_QUIESCENCE_REP2_24H,QUIESCENCE,2,1.0,start_of_induction,continuous,CXCL8,8.0,submitter_normalised_log2_array_expression,other_system_RNA
GSE144397,GSM3057184,WI38_QUIESCENCE_REP2_24H,QUIESCENCE,2,1.0,start_of_induction,continuous,SERPINE1,10.8,submitter_normalised_log2_array_expression,other_system_RNA
GSE144397,GSM3057184,WI38_QUIESCENCE_REP2_24H,QUIESCENCE,2,1.0,start_of_induction,continuous,MMP3,9.7,submitter_normalised_log2_array_expression,other_system_RNA
GSE144397,GSM3057184,WI38_QUIESCENCE_REP2_24H,QUIESCENCE,2,1.0,start_of_induction,continuous,GDF15,8.9,submitter_normalised_log2_array_expression,other_system_RNA
GSE144397,GSM3057185,WI38_QUIESCENCE_REP2_48H,QUIESCENCE,2,2.0,start_of_induction,continuous,CDKN1A,9.3,submitter_normalised_log2_array_expression,other_system_RNA
GSE144397,GSM3057185,WI38_QUIESCENCE_REP2_48H,QUIESCENCE,2,2.0,start_of_induction,continuous,CDKN2A,6.4,submitter_normalised_log2_array_expression,other_system_RNA
GSE144397,GSM3057185,WI38_QUIESCENCE_REP2_48H,QUIESCENCE,2,2.0,start_of_induction,continuous,LMNB1,6.2,submitter_normalised_log2_array_expression,other_system_RNA
GSE144397,GSM3057185,WI38_QUIESCENCE_REP2_48H,QUIESCENCE,2,2.0,start_of_induction,continuous,MKI67,7.0,submitter_normalised_log2_array_expression,other_system_RNA
GSE144397,GSM3057185,WI38_QUIESCENCE_REP2_48H,QUIESCENCE,2,2.0,start_of_induction,continuous,IL6,5.8,submitter_normalised_log2_array_expression,other_system_RNA
GSE144397,GSM3057185,WI38_QUIESCENCE_REP2_48H,QUIESCENCE,2,2.0,start_of_induction,continuous,CXCL8,8.3,submitter_normalised_log2_array_expression,other_system_RNA
GSE144397,GSM3057185,WI38_QUIESCENCE_REP2_48H,QUIESCENCE,2,2.0,start_of_induction,continuous,SERPINE1,11.2,submitter_normalised_log2_array_expression,other_system_RNA
GSE144397,GSM3057185,WI38_QUIESCENCE_REP2_48H,QUIESCENCE,2,2.0,start_of_induction,continuous,MMP3,9.6,submitter_normalised_log2_array_expression,other_system_RNA
GSE144397,GSM3057185,WI38_QUIESCENCE_REP2_48H,QUIESCENCE,2,2.0,start_of_induction,continuous,GDF15,9.3,submitter_normalised_log2_array_expression,other_system_RNA
GSE144397,GSM3057186,WI38_QUIESCENCE_REP2_72H,QUIESCENCE,2,3.0,start_of_induction,continuous,CDKN1A,9.3,submitter_normalised_log2_array_expression,other_system_RNA
GSE144397,GSM3057186,WI38_QUIESCENCE_REP2_72H,QUIESCENCE,2,3.0,start_of_induction,continuous,CDKN2A,6.5,submitter_normalised_log2_array_expression,other_system_RNA
GSE144397,GSM3057186,WI38_QUIESCENCE_REP2_72H,QUIESCENCE,2,3.0,start_of_induction,continuous,LMNB1,6.6,submitter_normalised_log2_array_expression,other_system_RNA
GSE144397,GSM3057186,WI38_QUIESCENCE_REP2_72H,QUIESCENCE,2,3.0,start_of_induction,continuous,MKI67,7.8,submitter_normalised_log2_array_expression,other_system_RNA
GSE144397,GSM3057186,WI38_QUIESCENCE_REP2_72H,QUIESCENCE,2,3.0,start_of_induction,continuous,IL6,6.7,submitter_normalised_log2_array_expression,other_system_RNA
GSE144397,GSM3057186,WI38_QUIESCENCE_REP2_72H,QUIESCENCE,2,3.0,start_of_induction,continuous,CXCL8,7.8,submitter_normalised_log2_array_expression,other_system_RNA
GSE144397,GSM3057186,WI38_QUIESCENCE_REP2_72H,QUIESCENCE,2,3.0,start_of_induction,continuous,SERPINE1,11.5,submitter_normalised_log2_array_expression,other_system_RNA
GSE144397,GSM3057186,WI38_QUIESCENCE_REP2_72H,QUIESCENCE,2,3.0,start_of_induction,continuous,MMP3,8.9,submitter_normalised_log2_array_expression,other_system_RNA
GSE144397,GSM3057186,WI38_QUIESCENCE_REP2_72H,QUIESCENCE,2,3.0,start_of_induction,continuous,GDF15,9.5,submitter_normalised_log2_array_expression,other_system_RNA
GSE144397,GSM3057187,WI38_QUIESCENCE_REP2_96H,QUIESCENCE,2,4.0,start_of_induction,continuous,CDKN1A,9.3,submitter_normalised_log2_array_expression,other_system_RNA
GSE144397,GSM3057187,WI38_QUIESCENCE_REP2_96H,QUIESCENCE,2,4.0,start_of_induction,continuous,CDKN2A,6.4,submitter_normalised_log2_array_expression,other_system_RNA
GSE144397,GSM3057187,WI38_QUIESCENCE_REP2_96H,QUIESCENCE,2,4.0,start_of_induction,continuous,LMNB1,6.5,submitter_normalised_log2_array_expression,other_system_RNA
GSE144397,GSM3057187,WI38_QUIESCENCE_REP2_96H,QUIESCENCE,2,4.0,start_of_induction,continuous,MKI67,7.8,submitter_normalised_log2_array_expression,other_system_RNA
GSE144397,GSM3057187,WI38_QUIESCENCE_REP2_96H,QUIESCENCE,2,4.0,start_of_induction,continuous,IL6,5.6,submitter_normalised_log2_array_expression,other_system_RNA
GSE144397,GSM3057187,WI38_QUIESCENCE_REP2_96H,QUIESCENCE,2,4.0,start_of_induction,continuous,CXCL8,7.6,submitter_normalised_log2_array_expression,other_system_RNA
GSE144397,GSM3057187,WI38_QUIESCENCE_REP2_96H,QUIESCENCE,2,4.0,start_of_induction,continuous,SERPINE1,11.7,submitter_normalised_log2_array_expression,other_system_RNA
GSE144397,GSM3057187,WI38_QUIESCENCE_REP2_96H,QUIESCENCE,2,4.0,start_of_induction,continuous,MMP3,9.2,submitter_normalised_log2_array_expression,other_system_RNA
GSE144397,GSM3057187,WI38_QUIESCENCE_REP2_96H,QUIESCENCE,2,4.0,start_of_induction,continuous,GDF15,9.6,submitter_normalised_log2_array_expression,other_system_RNA
GSE144397,GSM3057188,WI38_RASOIS_REP1_T0,RASOIS,1,0.0,start_of_induction,continuous,CDKN1A,9.0,submitter_normalised_log2_array_expression,other_system_RNA
GSE144397,GSM3057188,WI38_RASOIS_REP1_T0,RASOIS,1,0.0,start_of_induction,continuous,CDKN2A,6.4,submitter_normalised_log2_array_expression,other_system_RNA
GSE144397,GSM3057188,WI38_RASOIS_REP1_T0,RASOIS,1,0.0,start_of_induction,continuous,LMNB1,8.3,submitter_normalised_log2_array_expression,other_system_RNA
GSE144397,GSM3057188,WI38_RASOIS_REP1_T0,RASOIS,1,0.0,start_of_induction,continuous,MKI67,8.9,submitter_normalised_log2_array_expression,other_system_RNA
GSE144397,GSM3057188,WI38_RASOIS_REP1_T0,RASOIS,1,0.0,start_of_induction,continuous,IL6,7.0,submitter_normalised_log2_array_expression,other_system_RNA
GSE144397,GSM3057188,WI38_RASOIS_REP1_T0,RASOIS,1,0.0,start_of_induction,continuous,CXCL8,7.2,submitter_normalised_log2_array_expression,other_system_RNA
GSE144397,GSM3057188,WI38_RASOIS_REP1_T0,RASOIS,1,0.0,start_of_induction,continuous,SERPINE1,11.5,submitter_normalised_log2_array_expression,other_system_RNA
GSE144397,GSM3057188,WI38_RASOIS_REP1_T0,RASOIS,1,0.0,start_of_induction,continuous,MMP3,7.4,submitter_normalised_log2_array_expression,other_system_RNA
GSE144397,GSM3057188,WI38_RASOIS_REP1_T0,RASOIS,1,0.0,start_of_induction,continuous,GDF15,9.3,submitter_normalised_log2_array_expression,other_system_RNA
GSE144397,GSM3057189,WI38_RASOIS_REP1_24H,RASOIS,1,1.0,start_of_induction,continuous,CDKN1A,8.8,submitter_normalised_log2_array_expression,other_system_RNA
GSE144397,GSM3057189,WI38_RASOIS_REP1_24H,RASOIS,1,1.0,start_of_induction,continuous,CDKN2A,6.6,submitter_normalised_log2_array_expression,other_system_RNA
GSE144397,GSM3057189,WI38_RASOIS_REP1_24H,RASOIS,1,1.0,start_of_induction,continuous,LMNB1,8.0,submitter_normalised_log2_array_expression,other_system_RNA
GSE144397,GSM3057189,WI38_RASOIS_REP1_24H,RASOIS,1,1.0,start_of_induction,continuous,MKI67,9.2,submitter_normalised_log2_array_expression,other_system_RNA
GSE144397,GSM3057189,WI38_RASOIS_REP1_24H,RASOIS,1,1.0,start_of_induction,continuous,IL6,6.8,submitter_normalised_log2_array_expression,other_system_RNA
GSE144397,GSM3057189,WI38_RASOIS_REP1_24H,RASOIS,1,1.0,start_of_induction,continuous,CXCL8,5.7,submitter_normalised_log2_array_expression,other_system_RNA
GSE144397,GSM3057189,WI38_RASOIS_REP1_24H,RASOIS,1,1.0,start_of_induction,continuous,SERPINE1,11.7,submitter_normalised_log2_array_expression,other_system_RNA
GSE144397,GSM3057189,WI38_RASOIS_REP1_24H,RASOIS,1,1.0,start_of_induction,continuous,MMP3,4.7,submitter_normalised_log2_array_expression,other_system_RNA
GSE144397,GSM3057189,WI38_RASOIS_REP1_24H,RASOIS,1,1.0,start_of_induction,continuous,GDF15,10.2,submitter_normalised_log2_array_expression,other_system_RNA
GSE144397,GSM3057190,WI38_RASOIS_REP1_48H,RASOIS,1,2.0,start_of_induction,continuous,CDKN1A,9.1,submitter_normalised_log2_array_expression,other_system_RNA
GSE144397,GSM3057190,WI38_RASOIS_REP1_48H,RASOIS,1,2.0,start_of_induction,continuous,CDKN2A,6.8,submitter_normalised_log2_array_expression,other_system_RNA
GSE144397,GSM3057190,WI38_RASOIS_REP1_48H,RASOIS,1,2.0,start_of_induction,continuous,LMNB1,7.2,submitter_normalised_log2_array_expression,other_system_RNA
GSE144397,GSM3057190,WI38_RASOIS_REP1_48H,RASOIS,1,2.0,start_of_induction,continuous,MKI67,8.2,submitter_normalised_log2_array_expression,other_system_RNA
GSE144397,GSM3057190,WI38_RASOIS_REP1_48H,RASOIS,1,2.0,start_of_induction,continuous,IL6,6.9,submitter_normalised_log2_array_expression,other_system_RNA
GSE144397,GSM3057190,WI38_RASOIS_REP1_48H,RASOIS,1,2.0,start_of_induction,continuous,CXCL8,5.4,submitter_normalised_log2_array_expression,other_system_RNA
GSE144397,GSM3057190,WI38_RASOIS_REP1_48H,RASOIS,1,2.0,start_of_induction,continuous,SERPINE1,11.4,submitter_normalised_log2_array_expression,other_system_RNA
GSE144397,GSM3057190,WI38_RASOIS_REP1_48H,RASOIS,1,2.0,start_of_induction,continuous,MMP3,5.7,submitter_normalised_log2_array_expression,other_system_RNA
GSE144397,GSM3057190,WI38_RASOIS_REP1_48H,RASOIS,1,2.0,start_of_induction,continuous,GDF15,10.9,submitter_normalised_log2_array_expression,other_system_RNA
GSE144397,GSM3057191,WI38_RASOIS_REP1_72H,RASOIS,1,3.0,start_of_induction,continuous,CDKN1A,9.6,submitter_normalised_log2_array_expression,other_system_RNA
GSE144397,GSM3057191,WI38_RASOIS_REP1_72H,RASOIS,1,3.0,start_of_induction,continuous,CDKN2A,6.8,submitter_normalised_log2_array_expression,other_system_RNA
GSE144397,GSM3057191,WI38_RASOIS_REP1_72H,RASOIS,1,3.0,start_of_induction,continuous,LMNB1,6.7,submitter_normalised_log2_array_expression,other_system_RNA
GSE144397,GSM3057191,WI38_RASOIS_REP1_72H,RASOIS,1,3.0,start_of_induction,continuous,MKI67,7.6,submitter_normalised_log2_array_expression,other_system_RNA
GSE144397,GSM3057191,WI38_RASOIS_REP1_72H,RASOIS,1,3.0,start_of_induction,continuous,IL6,7.0,submitter_normalised_log2_array_expression,other_system_RNA
GSE144397,GSM3057191,WI38_RASOIS_REP1_72H,RASOIS,1,3.0,start_of_induction,continuous,CXCL8,5.4,submitter_normalised_log2_array_expression,other_system_RNA
GSE144397,GSM3057191,WI38_RASOIS_REP1_72H,RASOIS,1,3.0,start_of_induction,continuous,SERPINE1,11.8,submitter_normalised_log2_array_expression,other_system_RNA
GSE144397,GSM3057191,WI38_RASOIS_REP1_72H,RASOIS,1,3.0,start_of_induction,continuous,MMP3,4.8,submitter_normalised_log2_array_expression,other_system_RNA
GSE144397,GSM3057191,WI38_RASOIS_REP1_72H,RASOIS,1,3.0,start_of_induction,continuous,GDF15,10.9,submitter_normalised_log2_array_expression,other_system_RNA
GSE144397,GSM3057192,WI38_RASOIS_REP1_96H,RASOIS,1,4.0,start_of_induction,continuous,CDKN1A,9.7,submitter_normalised_log2_array_expression,other_system_RNA
GSE144397,GSM3057192,WI38_RASOIS_REP1_96H,RASOIS,1,4.0,start_of_induction,continuous,CDKN2A,7.0,submitter_normalised_log2_array_expression,other_system_RNA
GSE144397,GSM3057192,WI38_RASOIS_REP1_96H,RASOIS,1,4.0,start_of_induction,continuous,LMNB1,5.8,submitter_normalised_log2_array_expression,other_system_RNA
GSE144397,GSM3057192,WI38_RASOIS_REP1_96H,RASOIS,1,4.0,start_of_induction,continuous,MKI67,5.7,submitter_normalised_log2_array_expression,other_system_RNA
GSE144397,GSM3057192,WI38_RASOIS_REP1_96H,RASOIS,1,4.0,start_of_induction,continuous,IL6,9.1,submitter_normalised_log2_array_expression,other_system_RNA
GSE144397,GSM3057192,WI38_RASOIS_REP1_96H,RASOIS,1,4.0,start_of_induction,continuous,CXCL8,8.1,submitter_normalised_log2_array_expression,other_system_RNA
GSE144397,GSM3057192,WI38_RASOIS_REP1_96H,RASOIS,1,4.0,start_of_induction,continuous,SERPINE1,11.8,submitter_normalised_log2_array_expression,other_system_RNA
GSE144397,GSM3057192,WI38_RASOIS_REP1_96H,RASOIS,1,4.0,start_of_induction,continuous,MMP3,7.2,submitter_normalised_log2_array_expression,other_system_RNA
GSE144397,GSM3057192,WI38_RASOIS_REP1_96H,RASOIS,1,4.0,start_of_induction,continuous,GDF15,11.5,submitter_normalised_log2_array_expression,other_system_RNA
GSE144397,GSM3057193,WI38_RASOIS_REP1_144H,RASOIS,1,6.0,start_of_induction,continuous,CDKN1A,9.4,submitter_normalised_log2_array_expression,other_system_RNA
GSE144397,GSM3057193,WI38_RASOIS_REP1_144H,RASOIS,1,6.0,start_of_induction,continuous,CDKN2A,6.8,submitter_normalised_log2_array_expression,other_system_RNA
GSE144397,GSM3057193,WI38_RASOIS_REP1_144H,RASOIS,1,6.0,start_of_induction,continuous,LMNB1,5.8,submitter_normalised_log2_array_expression,other_system_RNA
GSE144397,GSM3057193,WI38_RASOIS_REP1_144H,RASOIS,1,6.0,start_of_induction,continuous,MKI67,5.5,submitter_normalised_log2_array_expression,other_system_RNA
GSE144397,GSM3057193,WI38_RASOIS_REP1_144H,RASOIS,1,6.0,start_of_induction,continuous,IL6,11.4,submitter_normalised_log2_array_expression,other_system_RNA
GSE144397,GSM3057193,WI38_RASOIS_REP1_144H,RASOIS,1,6.0,start_of_induction,continuous,CXCL8,9.2,submitter_normalised_log2_array_expression,other_system_RNA
GSE144397,GSM3057193,WI38_RASOIS_REP1_144H,RASOIS,1,6.0,start_of_induction,continuous,SERPINE1,11.6,submitter_normalised_log2_array_expression,other_system_RNA
GSE144397,GSM3057193,WI38_RASOIS_REP1_144H,RASOIS,1,6.0,start_of_induction,continuous,MMP3,9.0,submitter_normalised_log2_array_expression,other_system_RNA
GSE144397,GSM3057193,WI38_RASOIS_REP1_144H,RASOIS,1,6.0,start_of_induction,continuous,GDF15,11.8,submitter_normalised_log2_array_expression,other_system_RNA
GSE144397,GSM3057194,WI38_RASOIS_REP2_T0,RASOIS,2,0.0,start_of_induction,continuous,CDKN1A,9.1,submitter_normalised_log2_array_expression,other_system_RNA
GSE144397,GSM3057194,WI38_RASOIS_REP2_T0,RASOIS,2,0.0,start_of_induction,continuous,CDKN2A,6.5,submitter_normalised_log2_array_expression,other_system_RNA
GSE144397,GSM3057194,WI38_RASOIS_REP2_T0,RASOIS,2,0.0,start_of_induction,continuous,LMNB1,8.1,submitter_normalised_log2_array_expression,other_system_RNA
GSE144397,GSM3057194,WI38_RASOIS_REP2_T0,RASOIS,2,0.0,start_of_induction,continuous,MKI67,9.5,submitter_normalised_log2_array_expression,other_system_RNA
GSE144397,GSM3057194,WI38_RASOIS_REP2_T0,RASOIS,2,0.0,start_of_induction,continuous,IL6,6.9,submitter_normalised_log2_array_expression,other_system_RNA
GSE144397,GSM3057194,WI38_RASOIS_REP2_T0,RASOIS,2,0.0,start_of_induction,continuous,CXCL8,6.1,submitter_normalised_log2_array_expression,other_system_RNA
GSE144397,GSM3057194,WI38_RASOIS_REP2_T0,RASOIS,2,0.0,start_of_induction,continuous,SERPINE1,11.2,submitter_normalised_log2_array_expression,other_system_RNA
GSE144397,GSM3057194,WI38_RASOIS_REP2_T0,RASOIS,2,0.0,start_of_induction,continuous,MMP3,7.5,submitter_normalised_log2_array_expression,other_system_RNA
GSE144397,GSM3057194,WI38_RASOIS_REP2_T0,RASOIS,2,0.0,start_of_induction,continuous,GDF15,9.3,submitter_normalised_log2_array_expression,other_system_RNA
GSE144397,GSM3057195,WI38_RASOIS_REP2_24H,RASOIS,2,1.0,start_of_induction,continuous,CDKN1A,8.9,submitter_normalised_log2_array_expression,other_system_RNA
GSE144397,GSM3057195,WI38_RASOIS_REP2_24H,RASOIS,2,1.0,start_of_induction,continuous,CDKN2A,6.7,submitter_normalised_log2_array_expression,other_system_RNA
GSE144397,GSM3057195,WI38_RASOIS_REP2_24H,RASOIS,2,1.0,start_of_induction,continuous,LMNB1,8.2,submitter_normalised_log2_array_expression,other_system_RNA
GSE144397,GSM3057195,WI38_RASOIS_REP2_24H,RASOIS,2,1.0,start_of_induction,continuous,MKI67,9.5,submitter_normalised_log2_array_expression,other_system_RNA
GSE144397,GSM3057195,WI38_RASOIS_REP2_24H,RASOIS,2,1.0,start_of_induction,continuous,IL6,7.0,submitter_normalised_log2_array_expression,other_system_RNA
GSE144397,GSM3057195,WI38_RASOIS_REP2_24H,RASOIS,2,1.0,start_of_induction,continuous,CXCL8,5.1,submitter_normalised_log2_array_expression,other_system_RNA
GSE144397,GSM3057195,WI38_RASOIS_REP2_24H,RASOIS,2,1.0,start_of_induction,continuous,SERPINE1,11.8,submitter_normalised_log2_array_expression,other_system_RNA
GSE144397,GSM3057195,WI38_RASOIS_REP2_24H,RASOIS,2,1.0,start_of_induction,continuous,MMP3,4.7,submitter_normalised_log2_array_expression,other_system_RNA
GSE144397,GSM3057195,WI38_RASOIS_REP2_24H,RASOIS,2,1.0,start_of_induction,continuous,GDF15,10.2,submitter_normalised_log2_array_expression,other_system_RNA
GSE144397,GSM3057196,WI38_RASOIS_REP2_48H,RASOIS,2,2.0,start_of_induction,continuous,CDKN1A,9.1,submitter_normalised_log2_array_expression,other_system_RNA
GSE144397,GSM3057196,WI38_RASOIS_REP2_48H,RASOIS,2,2.0,start_of_induction,continuous,CDKN2A,6.7,submitter_normalised_log2_array_expression,other_system_RNA
GSE144397,GSM3057196,WI38_RASOIS_REP2_48H,RASOIS,2,2.0,start_of_induction,continuous,LMNB1,7.3,submitter_normalised_log2_array_expression,other_system_RNA
GSE144397,GSM3057196,WI38_RASOIS_REP2_48H,RASOIS,2,2.0,start_of_induction,continuous,MKI67,8.5,submitter_normalised_log2_array_expression,other_system_RNA
GSE144397,GSM3057196,WI38_RASOIS_REP2_48H,RASOIS,2,2.0,start_of_induction,continuous,IL6,6.7,submitter_normalised_log2_array_expression,other_system_RNA
GSE144397,GSM3057196,WI38_RASOIS_REP2_48H,RASOIS,2,2.0,start_of_induction,continuous,CXCL8,5.1,submitter_normalised_log2_array_expression,other_system_RNA
GSE144397,GSM3057196,WI38_RASOIS_REP2_48H,RASOIS,2,2.0,start_of_induction,continuous,SERPINE1,11.7,submitter_normalised_log2_array_expression,other_system_RNA
GSE144397,GSM3057196,WI38_RASOIS_REP2_48H,RASOIS,2,2.0,start_of_induction,continuous,MMP3,5.9,submitter_normalised_log2_array_expression,other_system_RNA
GSE144397,GSM3057196,WI38_RASOIS_REP2_48H,RASOIS,2,2.0,start_of_induction,continuous,GDF15,10.9,submitter_normalised_log2_array_expression,other_system_RNA
GSE144397,GSM3057197,WI38_RASOIS_REP2_72H,RASOIS,2,3.0,start_of_induction,continuous,CDKN1A,9.6,submitter_normalised_log2_array_expression,other_system_RNA
GSE144397,GSM3057197,WI38_RASOIS_REP2_72H,RASOIS,2,3.0,start_of_induction,continuous,CDKN2A,6.9,submitter_normalised_log2_array_expression,other_system_RNA
GSE144397,GSM3057197,WI38_RASOIS_REP2_72H,RASOIS,2,3.0,start_of_induction,continuous,LMNB1,6.2,submitter_normalised_log2_array_expression,other_system_RNA
GSE144397,GSM3057197,WI38_RASOIS_REP2_72H,RASOIS,2,3.0,start_of_induction,continuous,MKI67,6.8,submitter_normalised_log2_array_expression,other_system_RNA
GSE144397,GSM3057197,WI38_RASOIS_REP2_72H,RASOIS,2,3.0,start_of_induction,continuous,IL6,7.7,submitter_normalised_log2_array_expression,other_system_RNA
GSE144397,GSM3057197,WI38_RASOIS_REP2_72H,RASOIS,2,3.0,start_of_induction,continuous,CXCL8,6.2,submitter_normalised_log2_array_expression,other_system_RNA
GSE144397,GSM3057197,WI38_RASOIS_REP2_72H,RASOIS,2,3.0,start_of_induction,continuous,SERPINE1,11.7,submitter_normalised_log2_array_expression,other_system_RNA
GSE144397,GSM3057197,WI38_RASOIS_REP2_72H,RASOIS,2,3.0,start_of_induction,continuous,MMP3,6.3,submitter_normalised_log2_array_expression,other_system_RNA
GSE144397,GSM3057197,WI38_RASOIS_REP2_72H,RASOIS,2,3.0,start_of_induction,continuous,GDF15,11.4,submitter_normalised_log2_array_expression,other_system_RNA
GSE144397,GSM3057198,WI38_RASOIS_REP2_96H,RASOIS,2,4.0,start_of_induction,continuous,CDKN1A,9.8,submitter_normalised_log2_array_expression,other_system_RNA
GSE144397,GSM3057198,WI38_RASOIS_REP2_96H,RASOIS,2,4.0,start_of_induction,continuous,CDKN2A,7.0,submitter_normalised_log2_array_expression,other_system_RNA
GSE144397,GSM3057198,WI38_RASOIS_REP2_96H,RASOIS,2,4.0,start_of_induction,continuous,LMNB1,5.8,submitter_normalised_log2_array_expression,other_system_RNA
GSE144397,GSM3057198,WI38_RASOIS_REP2_96H,RASOIS,2,4.0,start_of_induction,continuous,MKI67,5.6,submitter_normalised_log2_array_expression,other_system_RNA
GSE144397,GSM3057198,WI38_RASOIS_REP2_96H,RASOIS,2,4.0,start_of_induction,continuous,IL6,9.0,submitter_normalised_log2_array_expression,other_system_RNA
GSE144397,GSM3057198,WI38_RASOIS_REP2_96H,RASOIS,2,4.0,start_of_induction,continuous,CXCL8,8.1,submitter_normalised_log2_array_expression,other_system_RNA
GSE144397,GSM3057198,WI38_RASOIS_REP2_96H,RASOIS,2,4.0,start_of_induction,continuous,SERPINE1,11.8,submitter_normalised_log2_array_expression,other_system_RNA
GSE144397,GSM3057198,WI38_RASOIS_REP2_96H,RASOIS,2,4.0,start_of_induction,continuous,MMP3,7.3,submitter_normalised_log2_array_expression,other_system_RNA
GSE144397,GSM3057198,WI38_RASOIS_REP2_96H,RASOIS,2,4.0,start_of_induction,continuous,GDF15,11.5,submitter_normalised_log2_array_expression,other_system_RNA
GSE144397,GSM3057199,WI38_RASOIS_REP2_144H,RASOIS,2,6.0,start_of_induction,continuous,CDKN1A,9.6,submitter_normalised_log2_array_expression,other_system_RNA
GSE144397,GSM3057199,WI38_RASOIS_REP2_144H,RASOIS,2,6.0,start_of_induction,continuous,CDKN2A,6.9,submitter_normalised_log2_array_expression,other_system_RNA
GSE144397,GSM3057199,WI38_RASOIS_REP2_144H,RASOIS,2,6.0,start_of_induction,continuous,LMNB1,5.7,submitter_normalised_log2_array_expression,other_system_RNA
GSE144397,GSM3057199,WI38_RASOIS_REP2_144H,RASOIS,2,6.0,start_of_induction,continuous,MKI67,5.3,submitter_normalised_log2_array_expression,other_system_RNA
GSE144397,GSM3057199,WI38_RASOIS_REP2_144H,RASOIS,2,6.0,start_of_induction,continuous,IL6,9.8,submitter_normalised_log2_array_expression,other_system_RNA
GSE144397,GSM3057199,WI38_RASOIS_REP2_144H,RASOIS,2,6.0,start_of_induction,continuous,CXCL8,8.6,submitter_normalised_log2_array_expression,other_system_RNA
GSE144397,GSM3057199,WI38_RASOIS_REP2_144H,RASOIS,2,6.0,start_of_induction,continuous,SERPINE1,11.4,submitter_normalised_log2_array_expression,other_system_RNA
GSE144397,GSM3057199,WI38_RASOIS_REP2_144H,RASOIS,2,6.0,start_of_induction,continuous,MMP3,8.7,submitter_normalised_log2_array_expression,other_system_RNA
GSE144397,GSM3057199,WI38_RASOIS_REP2_144H,RASOIS,2,6.0,start_of_induction,continuous,GDF15,11.8,submitter_normalised_log2_array_expression,other_system_RNA
GSE144397,GSM4254359,WI38_SENESCENCE_TRANSCRIPTOME_RAF_T0_REP2,RAFOIS,2,0.0,start_of_induction,continuous,CDKN1A,9.3,submitter_normalised_log2_array_expression,other_system_RNA
GSE144397,GSM4254359,WI38_SENESCENCE_TRANSCRIPTOME_RAF_T0_REP2,RAFOIS,2,0.0,start_of_induction,continuous,CDKN2A,6.2,submitter_normalised_log2_array_expression,other_system_RNA
GSE144397,GSM4254359,WI38_SENESCENCE_TRANSCRIPTOME_RAF_T0_REP2,RAFOIS,2,0.0,start_of_induction,continuous,LMNB1,5.4,submitter_normalised_log2_array_expression,other_system_RNA
GSE144397,GSM4254359,WI38_SENESCENCE_TRANSCRIPTOME_RAF_T0_REP2,RAFOIS,2,0.0,start_of_induction,continuous,MKI67,5.2,submitter_normalised_log2_array_expression,other_system_RNA
GSE144397,GSM4254359,WI38_SENESCENCE_TRANSCRIPTOME_RAF_T0_REP2,RAFOIS,2,0.0,start_of_induction,continuous,IL6,6.3,submitter_normalised_log2_array_expression,other_system_RNA
GSE144397,GSM4254359,WI38_SENESCENCE_TRANSCRIPTOME_RAF_T0_REP2,RAFOIS,2,0.0,start_of_induction,continuous,CXCL8,4.8,submitter_normalised_log2_array_expression,other_system_RNA
GSE144397,GSM4254359,WI38_SENESCENCE_TRANSCRIPTOME_RAF_T0_REP2,RAFOIS,2,0.0,start_of_induction,continuous,SERPINE1,10.9,submitter_normalised_log2_array_expression,other_system_RNA
GSE144397,GSM4254359,WI38_SENESCENCE_TRANSCRIPTOME_RAF_T0_REP2,RAFOIS,2,0.0,start_of_induction,continuous,MMP3,6.3,submitter_normalised_log2_array_expression,other_system_RNA
GSE144397,GSM4254359,WI38_SENESCENCE_TRANSCRIPTOME_RAF_T0_REP2,RAFOIS,2,0.0,start_of_induction,continuous,GDF15,9.0,submitter_normalised_log2_array_expression,other_system_RNA
GSE144397,GSM4254360,WI38_SENESCENCE_TRANSCRIPTOME_RAF_T0_REP1,RAFOIS,1,0.0,start_of_induction,continuous,CDKN1A,9.3,submitter_normalised_log2_array_expression,other_system_RNA
GSE144397,GSM4254360,WI38_SENESCENCE_TRANSCRIPTOME_RAF_T0_REP1,RAFOIS,1,0.0,start_of_induction,continuous,CDKN2A,6.3,submitter_normalised_log2_array_expression,other_system_RNA
GSE144397,GSM4254360,WI38_SENESCENCE_TRANSCRIPTOME_RAF_T0_REP1,RAFOIS,1,0.0,start_of_induction,continuous,LMNB1,5.1,submitter_normalised_log2_array_expression,other_system_RNA
GSE144397,GSM4254360,WI38_SENESCENCE_TRANSCRIPTOME_RAF_T0_REP1,RAFOIS,1,0.0,start_of_induction,continuous,MKI67,5.1,submitter_normalised_log2_array_expression,other_system_RNA
GSE144397,GSM4254360,WI38_SENESCENCE_TRANSCRIPTOME_RAF_T0_REP1,RAFOIS,1,0.0,start_of_induction,continuous,IL6,6.5,submitter_normalised_log2_array_expression,other_system_RNA
GSE144397,GSM4254360,WI38_SENESCENCE_TRANSCRIPTOME_RAF_T0_REP1,RAFOIS,1,0.0,start_of_induction,continuous,CXCL8,4.9,submitter_normalised_log2_array_expression,other_system_RNA
GSE144397,GSM4254360,WI38_SENESCENCE_TRANSCRIPTOME_RAF_T0_REP1,RAFOIS,1,0.0,start_of_induction,continuous,SERPINE1,10.9,submitter_normalised_log2_array_expression,other_system_RNA
GSE144397,GSM4254360,WI38_SENESCENCE_TRANSCRIPTOME_RAF_T0_REP1,RAFOIS,1,0.0,start_of_induction,continuous,MMP3,6.4,submitter_normalised_log2_array_expression,other_system_RNA
GSE144397,GSM4254360,WI38_SENESCENCE_TRANSCRIPTOME_RAF_T0_REP1,RAFOIS,1,0.0,start_of_induction,continuous,GDF15,8.9,submitter_normalised_log2_array_expression,other_system_RNA
GSE144397,GSM4254361,WI38_SENESCENCE_TRANSCRIPTOME_RAF_96H_REP2,RAFOIS,2,4.0,start_of_induction,continuous,CDKN1A,8.9,submitter_normalised_log2_array_expression,other_system_RNA
GSE144397,GSM4254361,WI38_SENESCENCE_TRANSCRIPTOME_RAF_96H_REP2,RAFOIS,2,4.0,start_of_induction,continuous,CDKN2A,6.1,submitter_normalised_log2_array_expression,other_system_RNA
GSE144397,GSM4254361,WI38_SENESCENCE_TRANSCRIPTOME_RAF_96H_REP2,RAFOIS,2,4.0,start_of_induction,continuous,LMNB1,7.4,submitter_normalised_log2_array_expression,other_system_RNA
GSE144397,GSM4254361,WI38_SENESCENCE_TRANSCRIPTOME_RAF_96H_REP2,RAFOIS,2,4.0,start_of_induction,continuous,MKI67,8.5,submitter_normalised_log2_array_expression,other_system_RNA
GSE144397,GSM4254361,WI38_SENESCENCE_TRANSCRIPTOME_RAF_96H_REP2,RAFOIS,2,4.0,start_of_induction,continuous,IL6,6.6,submitter_normalised_log2_array_expression,other_system_RNA
GSE144397,GSM4254361,WI38_SENESCENCE_TRANSCRIPTOME_RAF_96H_REP2,RAFOIS,2,4.0,start_of_induction,continuous,CXCL8,4.9,submitter_normalised_log2_array_expression,other_system_RNA
GSE144397,GSM4254361,WI38_SENESCENCE_TRANSCRIPTOME_RAF_96H_REP2,RAFOIS,2,4.0,start_of_induction,continuous,SERPINE1,10.8,submitter_normalised_log2_array_expression,other_system_RNA
GSE144397,GSM4254361,WI38_SENESCENCE_TRANSCRIPTOME_RAF_96H_REP2,RAFOIS,2,4.0,start_of_induction,continuous,MMP3,6.4,submitter_normalised_log2_array_expression,other_system_RNA
GSE144397,GSM4254361,WI38_SENESCENCE_TRANSCRIPTOME_RAF_96H_REP2,RAFOIS,2,4.0,start_of_induction,continuous,GDF15,9.1,submitter_normalised_log2_array_expression,other_system_RNA
GSE144397,GSM4254362,WI38_SENESCENCE_TRANSCRIPTOME_RAF_96H_REP1,RAFOIS,1,4.0,start_of_induction,continuous,CDKN1A,8.9,submitter_normalised_log2_array_expression,other_system_RNA
GSE144397,GSM4254362,WI38_SENESCENCE_TRANSCRIPTOME_RAF_96H_REP1,RAFOIS,1,4.0,start_of_induction,continuous,CDKN2A,6.1,submitter_normalised_log2_array_expression,other_system_RNA
GSE144397,GSM4254362,WI38_SENESCENCE_TRANSCRIPTOME_RAF_96H_REP1,RAFOIS,1,4.0,start_of_induction,continuous,LMNB1,7.5,submitter_normalised_log2_array_expression,other_system_RNA
GSE144397,GSM4254362,WI38_SENESCENCE_TRANSCRIPTOME_RAF_96H_REP1,RAFOIS,1,4.0,start_of_induction,continuous,MKI67,8.6,submitter_normalised_log2_array_expression,other_system_RNA
GSE144397,GSM4254362,WI38_SENESCENCE_TRANSCRIPTOME_RAF_96H_REP1,RAFOIS,1,4.0,start_of_induction,continuous,IL6,6.6,submitter_normalised_log2_array_expression,other_system_RNA
GSE144397,GSM4254362,WI38_SENESCENCE_TRANSCRIPTOME_RAF_96H_REP1,RAFOIS,1,4.0,start_of_induction,continuous,CXCL8,4.9,submitter_normalised_log2_array_expression,other_system_RNA
GSE144397,GSM4254362,WI38_SENESCENCE_TRANSCRIPTOME_RAF_96H_REP1,RAFOIS,1,4.0,start_of_induction,continuous,SERPINE1,10.8,submitter_normalised_log2_array_expression,other_system_RNA
GSE144397,GSM4254362,WI38_SENESCENCE_TRANSCRIPTOME_RAF_96H_REP1,RAFOIS,1,4.0,start_of_induction,continuous,MMP3,6.6,submitter_normalised_log2_array_expression,other_system_RNA
GSE144397,GSM4254362,WI38_SENESCENCE_TRANSCRIPTOME_RAF_96H_REP1,RAFOIS,1,4.0,start_of_induction,continuous,GDF15,9.2,submitter_normalised_log2_array_expression,other_system_RNA
GSE144397,GSM4254363,WI38_SENESCENCE_TRANSCRIPTOME_RAF_72H_REP2,RAFOIS,2,3.0,start_of_induction,continuous,CDKN1A,9.0,submitter_normalised_log2_array_expression,other_system_RNA
GSE144397,GSM4254363,WI38_SENESCENCE_TRANSCRIPTOME_RAF_72H_REP2,RAFOIS,2,3.0,start_of_induction,continuous,CDKN2A,6.0,submitter_normalised_log2_array_expression,other_system_RNA
GSE144397,GSM4254363,WI38_SENESCENCE_TRANSCRIPTOME_RAF_72H_REP2,RAFOIS,2,3.0,start_of_induction,continuous,LMNB1,6.2,submitter_normalised_log2_array_expression,other_system_RNA
GSE144397,GSM4254363,WI38_SENESCENCE_TRANSCRIPTOME_RAF_72H_REP2,RAFOIS,2,3.0,start_of_induction,continuous,MKI67,6.8,submitter_normalised_log2_array_expression,other_system_RNA
GSE144397,GSM4254363,WI38_SENESCENCE_TRANSCRIPTOME_RAF_72H_REP2,RAFOIS,2,3.0,start_of_induction,continuous,IL6,6.6,submitter_normalised_log2_array_expression,other_system_RNA
GSE144397,GSM4254363,WI38_SENESCENCE_TRANSCRIPTOME_RAF_72H_REP2,RAFOIS,2,3.0,start_of_induction,continuous,CXCL8,4.7,submitter_normalised_log2_array_expression,other_system_RNA
GSE144397,GSM4254363,WI38_SENESCENCE_TRANSCRIPTOME_RAF_72H_REP2,RAFOIS,2,3.0,start_of_induction,continuous,SERPINE1,10.6,submitter_normalised_log2_array_expression,other_system_RNA
GSE144397,GSM4254363,WI38_SENESCENCE_TRANSCRIPTOME_RAF_72H_REP2,RAFOIS,2,3.0,start_of_induction,continuous,MMP3,6.0,submitter_normalised_log2_array_expression,other_system_RNA
GSE144397,GSM4254363,WI38_SENESCENCE_TRANSCRIPTOME_RAF_72H_REP2,RAFOIS,2,3.0,start_of_induction,continuous,GDF15,9.4,submitter_normalised_log2_array_expression,other_system_RNA
GSE144397,GSM4254364,WI38_SENESCENCE_TRANSCRIPTOME_RAF_72H_REP1,RAFOIS,1,3.0,start_of_induction,continuous,CDKN1A,9.0,submitter_normalised_log2_array_expression,other_system_RNA
GSE144397,GSM4254364,WI38_SENESCENCE_TRANSCRIPTOME_RAF_72H_REP1,RAFOIS,1,3.0,start_of_induction,continuous,CDKN2A,6.1,submitter_normalised_log2_array_expression,other_system_RNA
GSE144397,GSM4254364,WI38_SENESCENCE_TRANSCRIPTOME_RAF_72H_REP1,RAFOIS,1,3.0,start_of_induction,continuous,LMNB1,6.0,submitter_normalised_log2_array_expression,other_system_RNA
GSE144397,GSM4254364,WI38_SENESCENCE_TRANSCRIPTOME_RAF_72H_REP1,RAFOIS,1,3.0,start_of_induction,continuous,MKI67,6.9,submitter_normalised_log2_array_expression,other_system_RNA
GSE144397,GSM4254364,WI38_SENESCENCE_TRANSCRIPTOME_RAF_72H_REP1,RAFOIS,1,3.0,start_of_induction,continuous,IL6,6.6,submitter_normalised_log2_array_expression,other_system_RNA
GSE144397,GSM4254364,WI38_SENESCENCE_TRANSCRIPTOME_RAF_72H_REP1,RAFOIS,1,3.0,start_of_induction,continuous,CXCL8,4.8,submitter_normalised_log2_array_expression,other_system_RNA
GSE144397,GSM4254364,WI38_SENESCENCE_TRANSCRIPTOME_RAF_72H_REP1,RAFOIS,1,3.0,start_of_induction,continuous,SERPINE1,10.5,submitter_normalised_log2_array_expression,other_system_RNA
GSE144397,GSM4254364,WI38_SENESCENCE_TRANSCRIPTOME_RAF_72H_REP1,RAFOIS,1,3.0,start_of_induction,continuous,MMP3,6.3,submitter_normalised_log2_array_expression,other_system_RNA
GSE144397,GSM4254364,WI38_SENESCENCE_TRANSCRIPTOME_RAF_72H_REP1,RAFOIS,1,3.0,start_of_induction,continuous,GDF15,9.4,submitter_normalised_log2_array_expression,other_system_RNA
GSE144397,GSM4254365,WI38_SENESCENCE_TRANSCRIPTOME_RAF_48H_REP2,RAFOIS,2,2.0,start_of_induction,continuous,CDKN1A,9.0,submitter_normalised_log2_array_expression,other_system_RNA
GSE144397,GSM4254365,WI38_SENESCENCE_TRANSCRIPTOME_RAF_48H_REP2,RAFOIS,2,2.0,start_of_induction,continuous,CDKN2A,6.1,submitter_normalised_log2_array_expression,other_system_RNA
GSE144397,GSM4254365,WI38_SENESCENCE_TRANSCRIPTOME_RAF_48H_REP2,RAFOIS,2,2.0,start_of_induction,continuous,LMNB1,6.1,submitter_normalised_log2_array_expression,other_system_RNA
GSE144397,GSM4254365,WI38_SENESCENCE_TRANSCRIPTOME_RAF_48H_REP2,RAFOIS,2,2.0,start_of_induction,continuous,MKI67,6.9,submitter_normalised_log2_array_expression,other_system_RNA
GSE144397,GSM4254365,WI38_SENESCENCE_TRANSCRIPTOME_RAF_48H_REP2,RAFOIS,2,2.0,start_of_induction,continuous,IL6,6.7,submitter_normalised_log2_array_expression,other_system_RNA
GSE144397,GSM4254365,WI38_SENESCENCE_TRANSCRIPTOME_RAF_48H_REP2,RAFOIS,2,2.0,start_of_induction,continuous,CXCL8,4.8,submitter_normalised_log2_array_expression,other_system_RNA
GSE144397,GSM4254365,WI38_SENESCENCE_TRANSCRIPTOME_RAF_48H_REP2,RAFOIS,2,2.0,start_of_induction,continuous,SERPINE1,10.5,submitter_normalised_log2_array_expression,other_system_RNA
GSE144397,GSM4254365,WI38_SENESCENCE_TRANSCRIPTOME_RAF_48H_REP2,RAFOIS,2,2.0,start_of_induction,continuous,MMP3,5.8,submitter_normalised_log2_array_expression,other_system_RNA
GSE144397,GSM4254365,WI38_SENESCENCE_TRANSCRIPTOME_RAF_48H_REP2,RAFOIS,2,2.0,start_of_induction,continuous,GDF15,9.3,submitter_normalised_log2_array_expression,other_system_RNA
GSE144397,GSM4254366,WI38_SENESCENCE_TRANSCRIPTOME_RAF_48H_REP1,RAFOIS,1,2.0,start_of_induction,continuous,CDKN1A,9.0,submitter_normalised_log2_array_expression,other_system_RNA
GSE144397,GSM4254366,WI38_SENESCENCE_TRANSCRIPTOME_RAF_48H_REP1,RAFOIS,1,2.0,start_of_induction,continuous,CDKN2A,6.1,submitter_normalised_log2_array_expression,other_system_RNA
GSE144397,GSM4254366,WI38_SENESCENCE_TRANSCRIPTOME_RAF_48H_REP1,RAFOIS,1,2.0,start_of_induction,continuous,LMNB1,5.8,submitter_normalised_log2_array_expression,other_system_RNA
GSE144397,GSM4254366,WI38_SENESCENCE_TRANSCRIPTOME_RAF_48H_REP1,RAFOIS,1,2.0,start_of_induction,continuous,MKI67,6.6,submitter_normalised_log2_array_expression,other_system_RNA
GSE144397,GSM4254366,WI38_SENESCENCE_TRANSCRIPTOME_RAF_48H_REP1,RAFOIS,1,2.0,start_of_induction,continuous,IL6,6.5,submitter_normalised_log2_array_expression,other_system_RNA
GSE144397,GSM4254366,WI38_SENESCENCE_TRANSCRIPTOME_RAF_48H_REP1,RAFOIS,1,2.0,start_of_induction,continuous,CXCL8,4.9,submitter_normalised_log2_array_expression,other_system_RNA
GSE144397,GSM4254366,WI38_SENESCENCE_TRANSCRIPTOME_RAF_48H_REP1,RAFOIS,1,2.0,start_of_induction,continuous,SERPINE1,10.6,submitter_normalised_log2_array_expression,other_system_RNA
GSE144397,GSM4254366,WI38_SENESCENCE_TRANSCRIPTOME_RAF_48H_REP1,RAFOIS,1,2.0,start_of_induction,continuous,MMP3,6.1,submitter_normalised_log2_array_expression,other_system_RNA
GSE144397,GSM4254366,WI38_SENESCENCE_TRANSCRIPTOME_RAF_48H_REP1,RAFOIS,1,2.0,start_of_induction,continuous,GDF15,9.1,submitter_normalised_log2_array_expression,other_system_RNA
GSE144397,GSM4254367,WI38_SENESCENCE_TRANSCRIPTOME_RAF_24H_REP2,RAFOIS,2,1.0,start_of_induction,continuous,CDKN1A,8.9,submitter_normalised_log2_array_expression,other_system_RNA
GSE144397,GSM4254367,WI38_SENESCENCE_TRANSCRIPTOME_RAF_24H_REP2,RAFOIS,2,1.0,start_of_induction,continuous,CDKN2A,6.0,submitter_normalised_log2_array_expression,other_system_RNA
GSE144397,GSM4254367,WI38_SENESCENCE_TRANSCRIPTOME_RAF_24H_REP2,RAFOIS,2,1.0,start_of_induction,continuous,LMNB1,5.6,submitter_normalised_log2_array_expression,other_system_RNA
GSE144397,GSM4254367,WI38_SENESCENCE_TRANSCRIPTOME_RAF_24H_REP2,RAFOIS,2,1.0,start_of_induction,continuous,MKI67,6.2,submitter_normalised_log2_array_expression,other_system_RNA
GSE144397,GSM4254367,WI38_SENESCENCE_TRANSCRIPTOME_RAF_24H_REP2,RAFOIS,2,1.0,start_of_induction,continuous,IL6,6.3,submitter_normalised_log2_array_expression,other_system_RNA
GSE144397,GSM4254367,WI38_SENESCENCE_TRANSCRIPTOME_RAF_24H_REP2,RAFOIS,2,1.0,start_of_induction,continuous,CXCL8,4.7,submitter_normalised_log2_array_expression,other_system_RNA
GSE144397,GSM4254367,WI38_SENESCENCE_TRANSCRIPTOME_RAF_24H_REP2,RAFOIS,2,1.0,start_of_induction,continuous,SERPINE1,10.7,submitter_normalised_log2_array_expression,other_system_RNA
GSE144397,GSM4254367,WI38_SENESCENCE_TRANSCRIPTOME_RAF_24H_REP2,RAFOIS,2,1.0,start_of_induction,continuous,MMP3,6.8,submitter_normalised_log2_array_expression,other_system_RNA
GSE144397,GSM4254367,WI38_SENESCENCE_TRANSCRIPTOME_RAF_24H_REP2,RAFOIS,2,1.0,start_of_induction,continuous,GDF15,9.0,submitter_normalised_log2_array_expression,other_system_RNA
GSE144397,GSM4254368,WI38_SENESCENCE_TRANSCRIPTOME_RAF_24H_REP1,RAFOIS,1,1.0,start_of_induction,continuous,CDKN1A,9.0,submitter_normalised_log2_array_expression,other_system_RNA
GSE144397,GSM4254368,WI38_SENESCENCE_TRANSCRIPTOME_RAF_24H_REP1,RAFOIS,1,1.0,start_of_induction,continuous,CDKN2A,6.0,submitter_normalised_log2_array_expression,other_system_RNA
GSE144397,GSM4254368,WI38_SENESCENCE_TRANSCRIPTOME_RAF_24H_REP1,RAFOIS,1,1.0,start_of_induction,continuous,LMNB1,5.8,submitter_normalised_log2_array_expression,other_system_RNA
GSE144397,GSM4254368,WI38_SENESCENCE_TRANSCRIPTOME_RAF_24H_REP1,RAFOIS,1,1.0,start_of_induction,continuous,MKI67,6.5,submitter_normalised_log2_array_expression,other_system_RNA
GSE144397,GSM4254368,WI38_SENESCENCE_TRANSCRIPTOME_RAF_24H_REP1,RAFOIS,1,1.0,start_of_induction,continuous,IL6,6.2,submitter_normalised_log2_array_expression,other_system_RNA
GSE144397,GSM4254368,WI38_SENESCENCE_TRANSCRIPTOME_RAF_24H_REP1,RAFOIS,1,1.0,start_of_induction,continuous,CXCL8,4.4,submitter_normalised_log2_array_expression,other_system_RNA
GSE144397,GSM4254368,WI38_SENESCENCE_TRANSCRIPTOME_RAF_24H_REP1,RAFOIS,1,1.0,start_of_induction,continuous,SERPINE1,10.5,submitter_normalised_log2_array_expression,other_system_RNA
GSE144397,GSM4254368,WI38_SENESCENCE_TRANSCRIPTOME_RAF_24H_REP1,RAFOIS,1,1.0,start_of_induction,continuous,MMP3,6.2,submitter_normalised_log2_array_expression,other_system_RNA
GSE144397,GSM4254368,WI38_SENESCENCE_TRANSCRIPTOME_RAF_24H_REP1,RAFOIS,1,1.0,start_of_induction,continuous,GDF15,8.9,submitter_normalised_log2_array_expression,other_system_RNA
GSE144397,GSM4254369,WI38_SENESCENCE_TRANSCRIPTOME_RAF_12H_REP2,RAFOIS,2,0.5,start_of_induction,continuous,CDKN1A,8.7,submitter_normalised_log2_array_expression,other_system_RNA
GSE144397,GSM4254369,WI38_SENESCENCE_TRANSCRIPTOME_RAF_12H_REP2,RAFOIS,2,0.5,start_of_induction,continuous,CDKN2A,6.2,submitter_normalised_log2_array_expression,other_system_RNA
GSE144397,GSM4254369,WI38_SENESCENCE_TRANSCRIPTOME_RAF_12H_REP2,RAFOIS,2,0.5,start_of_induction,continuous,LMNB1,8.2,submitter_normalised_log2_array_expression,other_system_RNA
GSE144397,GSM4254369,WI38_SENESCENCE_TRANSCRIPTOME_RAF_12H_REP2,RAFOIS,2,0.5,start_of_induction,continuous,MKI67,9.2,submitter_normalised_log2_array_expression,other_system_RNA
GSE144397,GSM4254369,WI38_SENESCENCE_TRANSCRIPTOME_RAF_12H_REP2,RAFOIS,2,0.5,start_of_induction,continuous,IL6,7.0,submitter_normalised_log2_array_expression,other_system_RNA
GSE144397,GSM4254369,WI38_SENESCENCE_TRANSCRIPTOME_RAF_12H_REP2,RAFOIS,2,0.5,start_of_induction,continuous,CXCL8,5.5,submitter_normalised_log2_array_expression,other_system_RNA
GSE144397,GSM4254369,WI38_SENESCENCE_TRANSCRIPTOME_RAF_12H_REP2,RAFOIS,2,0.5,start_of_induction,continuous,SERPINE1,10.7,submitter_normalised_log2_array_expression,other_system_RNA
GSE144397,GSM4254369,WI38_SENESCENCE_TRANSCRIPTOME_RAF_12H_REP2,RAFOIS,2,0.5,start_of_induction,continuous,MMP3,4.2,submitter_normalised_log2_array_expression,other_system_RNA
GSE144397,GSM4254369,WI38_SENESCENCE_TRANSCRIPTOME_RAF_12H_REP2,RAFOIS,2,0.5,start_of_induction,continuous,GDF15,8.5,submitter_normalised_log2_array_expression,other_system_RNA
GSE144397,GSM4254370,WI38_SENESCENCE_TRANSCRIPTOME_RAF_12H_REP1,RAFOIS,1,0.5,start_of_induction,continuous,CDKN1A,8.7,submitter_normalised_log2_array_expression,other_system_RNA
GSE144397,GSM4254370,WI38_SENESCENCE_TRANSCRIPTOME_RAF_12H_REP1,RAFOIS,1,0.5,start_of_induction,continuous,CDKN2A,6.1,submitter_normalised_log2_array_expression,other_system_RNA
GSE144397,GSM4254370,WI38_SENESCENCE_TRANSCRIPTOME_RAF_12H_REP1,RAFOIS,1,0.5,start_of_induction,continuous,LMNB1,8.1,submitter_normalised_log2_array_expression,other_system_RNA
GSE144397,GSM4254370,WI38_SENESCENCE_TRANSCRIPTOME_RAF_12H_REP1,RAFOIS,1,0.5,start_of_induction,continuous,MKI67,9.4,submitter_normalised_log2_array_expression,other_system_RNA
GSE144397,GSM4254370,WI38_SENESCENCE_TRANSCRIPTOME_RAF_12H_REP1,RAFOIS,1,0.5,start_of_induction,continuous,IL6,7.0,submitter_normalised_log2_array_expression,other_system_RNA
GSE144397,GSM4254370,WI38_SENESCENCE_TRANSCRIPTOME_RAF_12H_REP1,RAFOIS,1,0.5,start_of_induction,continuous,CXCL8,5.4,submitter_normalised_log2_array_expression,other_system_RNA
GSE144397,GSM4254370,WI38_SENESCENCE_TRANSCRIPTOME_RAF_12H_REP1,RAFOIS,1,0.5,start_of_induction,continuous,SERPINE1,10.7,submitter_normalised_log2_array_expression,other_system_RNA
GSE144397,GSM4254370,WI38_SENESCENCE_TRANSCRIPTOME_RAF_12H_REP1,RAFOIS,1,0.5,start_of_induction,continuous,MMP3,4.1,submitter_normalised_log2_array_expression,other_system_RNA
GSE144397,GSM4254370,WI38_SENESCENCE_TRANSCRIPTOME_RAF_12H_REP1,RAFOIS,1,0.5,start_of_induction,continuous,GDF15,8.6,submitter_normalised_log2_array_expression,other_system_RNA
GSE210140,GSM6422725,Sample_UJ-3100-w1; Control,control,1,3.0833333333333335,donor_induction,2_hour_pulse,CDKN1A,6.146287211385116,log2_TPM_plus_1,other_system_RNA
GSE210140,GSM6422725,Sample_UJ-3100-w1; Control,control,1,3.0833333333333335,donor_induction,2_hour_pulse,CDKN2A,1.6053345523367475,log2_TPM_plus_1,other_system_RNA
GSE210140,GSM6422725,Sample_UJ-3100-w1; Control,control,1,3.0833333333333335,donor_induction,2_hour_pulse,LMNB1,5.159751275342291,log2_TPM_plus_1,other_system_RNA
GSE210140,GSM6422725,Sample_UJ-3100-w1; Control,control,1,3.0833333333333335,donor_induction,2_hour_pulse,MKI67,4.671797208585334,log2_TPM_plus_1,other_system_RNA
GSE210140,GSM6422725,Sample_UJ-3100-w1; Control,control,1,3.0833333333333335,donor_induction,2_hour_pulse,IL6,0.0,log2_TPM_plus_1,other_system_RNA
GSE210140,GSM6422725,Sample_UJ-3100-w1; Control,control,1,3.0833333333333335,donor_induction,2_hour_pulse,CXCL8,1.1687575492204356,log2_TPM_plus_1,other_system_RNA
GSE210140,GSM6422725,Sample_UJ-3100-w1; Control,control,1,3.0833333333333335,donor_induction,2_hour_pulse,SERPINE1,6.254331374253387,log2_TPM_plus_1,other_system_RNA
GSE210140,GSM6422725,Sample_UJ-3100-w1; Control,control,1,3.0833333333333335,donor_induction,2_hour_pulse,MMP3,0.03240092074458214,log2_TPM_plus_1,other_system_RNA
GSE210140,GSM6422725,Sample_UJ-3100-w1; Control,control,1,3.0833333333333335,donor_induction,2_hour_pulse,GDF15,9.525845046262303,log2_TPM_plus_1,other_system_RNA
GSE210140,GSM6422726,Sample_UJ-3100-w2; Control,control,2,3.0833333333333335,donor_induction,2_hour_pulse,CDKN1A,6.243908951722396,log2_TPM_plus_1,other_system_RNA
GSE210140,GSM6422726,Sample_UJ-3100-w2; Control,control,2,3.0833333333333335,donor_induction,2_hour_pulse,CDKN2A,1.7601049725477802,log2_TPM_plus_1,other_system_RNA
GSE210140,GSM6422726,Sample_UJ-3100-w2; Control,control,2,3.0833333333333335,donor_induction,2_hour_pulse,LMNB1,5.39123499553712,log2_TPM_plus_1,other_system_RNA
GSE210140,GSM6422726,Sample_UJ-3100-w2; Control,control,2,3.0833333333333335,donor_induction,2_hour_pulse,MKI67,4.736139414738864,log2_TPM_plus_1,other_system_RNA
GSE210140,GSM6422726,Sample_UJ-3100-w2; Control,control,2,3.0833333333333335,donor_induction,2_hour_pulse,IL6,0.0,log2_TPM_plus_1,other_system_RNA
GSE210140,GSM6422726,Sample_UJ-3100-w2; Control,control,2,3.0833333333333335,donor_induction,2_hour_pulse,CXCL8,1.0641447642979904,log2_TPM_plus_1,other_system_RNA
GSE210140,GSM6422726,Sample_UJ-3100-w2; Control,control,2,3.0833333333333335,donor_induction,2_hour_pulse,SERPINE1,6.272499155097661,log2_TPM_plus_1,other_system_RNA
GSE210140,GSM6422726,Sample_UJ-3100-w2; Control,control,2,3.0833333333333335,donor_induction,2_hour_pulse,MMP3,0.029555929228579192,log2_TPM_plus_1,other_system_RNA
GSE210140,GSM6422726,Sample_UJ-3100-w2; Control,control,2,3.0833333333333335,donor_induction,2_hour_pulse,GDF15,9.536648571048278,log2_TPM_plus_1,other_system_RNA
GSE210140,GSM6422727,Sample_UJ-3100-w3; Control,control,3,3.0833333333333335,donor_induction,2_hour_pulse,CDKN1A,6.662930653391912,log2_TPM_plus_1,other_system_RNA
GSE210140,GSM6422727,Sample_UJ-3100-w3; Control,control,3,3.0833333333333335,donor_induction,2_hour_pulse,CDKN2A,2.037032734686688,log2_TPM_plus_1,other_system_RNA
GSE210140,GSM6422727,Sample_UJ-3100-w3; Control,control,3,3.0833333333333335,donor_induction,2_hour_pulse,LMNB1,4.895317164556787,log2_TPM_plus_1,other_system_RNA
GSE210140,GSM6422727,Sample_UJ-3100-w3; Control,control,3,3.0833333333333335,donor_induction,2_hour_pulse,MKI67,4.404738303346344,log2_TPM_plus_1,other_system_RNA
GSE210140,GSM6422727,Sample_UJ-3100-w3; Control,control,3,3.0833333333333335,donor_induction,2_hour_pulse,IL6,0.0,log2_TPM_plus_1,other_system_RNA
GSE210140,GSM6422727,Sample_UJ-3100-w3; Control,control,3,3.0833333333333335,donor_induction,2_hour_pulse,CXCL8,1.3237418646266847,log2_TPM_plus_1,other_system_RNA
GSE210140,GSM6422727,Sample_UJ-3100-w3; Control,control,3,3.0833333333333335,donor_induction,2_hour_pulse,SERPINE1,6.844109421368412,log2_TPM_plus_1,other_system_RNA
GSE210140,GSM6422727,Sample_UJ-3100-w3; Control,control,3,3.0833333333333335,donor_induction,2_hour_pulse,MMP3,0.144007200893847,log2_TPM_plus_1,other_system_RNA
GSE210140,GSM6422727,Sample_UJ-3100-w3; Control,control,3,3.0833333333333335,donor_induction,2_hour_pulse,GDF15,9.943223765989872,log2_TPM_plus_1,other_system_RNA
GSE210140,GSM6422728,Sample_UJ-3100-w4; Control,control,4,3.0833333333333335,donor_induction,2_hour_pulse,CDKN1A,6.752076773777593,log2_TPM_plus_1,other_system_RNA
GSE210140,GSM6422728,Sample_UJ-3100-w4; Control,control,4,3.0833333333333335,donor_induction,2_hour_pulse,CDKN2A,1.9636868133343277,log2_TPM_plus_1,other_system_RNA
GSE210140,GSM6422728,Sample_UJ-3100-w4; Control,control,4,3.0833333333333335,donor_induction,2_hour_pulse,LMNB1,4.832225006301262,log2_TPM_plus_1,other_system_RNA
GSE210140,GSM6422728,Sample_UJ-3100-w4; Control,control,4,3.0833333333333335,donor_induction,2_hour_pulse,MKI67,4.372261917990526,log2_TPM_plus_1,other_system_RNA
GSE210140,GSM6422728,Sample_UJ-3100-w4; Control,control,4,3.0833333333333335,donor_induction,2_hour_pulse,IL6,0.0,log2_TPM_plus_1,other_system_RNA
GSE210140,GSM6422728,Sample_UJ-3100-w4; Control,control,4,3.0833333333333335,donor_induction,2_hour_pulse,CXCL8,1.2123763440816446,log2_TPM_plus_1,other_system_RNA
GSE210140,GSM6422728,Sample_UJ-3100-w4; Control,control,4,3.0833333333333335,donor_induction,2_hour_pulse,SERPINE1,6.8847322211492585,log2_TPM_plus_1,other_system_RNA
GSE210140,GSM6422728,Sample_UJ-3100-w4; Control,control,4,3.0833333333333335,donor_induction,2_hour_pulse,MMP3,0.29123930227278916,log2_TPM_plus_1,other_system_RNA
GSE210140,GSM6422728,Sample_UJ-3100-w4; Control,control,4,3.0833333333333335,donor_induction,2_hour_pulse,GDF15,10.022319259974498,log2_TPM_plus_1,other_system_RNA
GSE210140,GSM6422729,Sample_UJ-3100-w5; Control,control,5,3.0833333333333335,donor_induction,2_hour_pulse,CDKN1A,5.913747275110037,log2_TPM_plus_1,other_system_RNA
GSE210140,GSM6422729,Sample_UJ-3100-w5; Control,control,5,3.0833333333333335,donor_induction,2_hour_pulse,CDKN2A,1.4543298952942152,log2_TPM_plus_1,other_system_RNA
GSE210140,GSM6422729,Sample_UJ-3100-w5; Control,control,5,3.0833333333333335,donor_induction,2_hour_pulse,LMNB1,5.032275305242529,log2_TPM_plus_1,other_system_RNA
GSE210140,GSM6422729,Sample_UJ-3100-w5; Control,control,5,3.0833333333333335,donor_induction,2_hour_pulse,MKI67,4.4097615762844775,log2_TPM_plus_1,other_system_RNA
GSE210140,GSM6422729,Sample_UJ-3100-w5; Control,control,5,3.0833333333333335,donor_induction,2_hour_pulse,IL6,0.0,log2_TPM_plus_1,other_system_RNA
GSE210140,GSM6422729,Sample_UJ-3100-w5; Control,control,5,3.0833333333333335,donor_induction,2_hour_pulse,CXCL8,0.6163492271379283,log2_TPM_plus_1,other_system_RNA
GSE210140,GSM6422729,Sample_UJ-3100-w5; Control,control,5,3.0833333333333335,donor_induction,2_hour_pulse,SERPINE1,7.992977977879419,log2_TPM_plus_1,other_system_RNA
GSE210140,GSM6422729,Sample_UJ-3100-w5; Control,control,5,3.0833333333333335,donor_induction,2_hour_pulse,MMP3,0.31981559762336254,log2_TPM_plus_1,other_system_RNA
GSE210140,GSM6422729,Sample_UJ-3100-w5; Control,control,5,3.0833333333333335,donor_induction,2_hour_pulse,GDF15,9.48491474862724,log2_TPM_plus_1,other_system_RNA
GSE210140,GSM6422730,Sample_UJ-3100-x1; DOX (2uM),direct_DOX,1,3.0833333333333335,donor_induction,2_hour_pulse,CDKN1A,9.36876212981134,log2_TPM_plus_1,other_system_RNA
GSE210140,GSM6422730,Sample_UJ-3100-x1; DOX (2uM),direct_DOX,1,3.0833333333333335,donor_induction,2_hour_pulse,CDKN2A,2.780168510582412,log2_TPM_plus_1,other_system_RNA
GSE210140,GSM6422730,Sample_UJ-3100-x1; DOX (2uM),direct_DOX,1,3.0833333333333335,donor_induction,2_hour_pulse,LMNB1,3.327464620157677,log2_TPM_plus_1,other_system_RNA
GSE210140,GSM6422730,Sample_UJ-3100-x1; DOX (2uM),direct_DOX,1,3.0833333333333335,donor_induction,2_hour_pulse,MKI67,2.231195831304402,log2_TPM_plus_1,other_system_RNA
GSE210140,GSM6422730,Sample_UJ-3100-x1; DOX (2uM),direct_DOX,1,3.0833333333333335,donor_induction,2_hour_pulse,IL6,0.0,log2_TPM_plus_1,other_system_RNA
GSE210140,GSM6422730,Sample_UJ-3100-x1; DOX (2uM),direct_DOX,1,3.0833333333333335,donor_induction,2_hour_pulse,CXCL8,4.097893998853446,log2_TPM_plus_1,other_system_RNA
GSE210140,GSM6422730,Sample_UJ-3100-x1; DOX (2uM),direct_DOX,1,3.0833333333333335,donor_induction,2_hour_pulse,SERPINE1,7.155769467823301,log2_TPM_plus_1,other_system_RNA
GSE210140,GSM6422730,Sample_UJ-3100-x1; DOX (2uM),direct_DOX,1,3.0833333333333335,donor_induction,2_hour_pulse,MMP3,0.4366575805862672,log2_TPM_plus_1,other_system_RNA
GSE210140,GSM6422730,Sample_UJ-3100-x1; DOX (2uM),direct_DOX,1,3.0833333333333335,donor_induction,2_hour_pulse,GDF15,9.94749629499265,log2_TPM_plus_1,other_system_RNA
GSE210140,GSM6422731,Sample_UJ-3100-x2; DOX (2uM),direct_DOX,2,3.0833333333333335,donor_induction,2_hour_pulse,CDKN1A,9.33477193131086,log2_TPM_plus_1,other_system_RNA
GSE210140,GSM6422731,Sample_UJ-3100-x2; DOX (2uM),direct_DOX,2,3.0833333333333335,donor_induction,2_hour_pulse,CDKN2A,2.543808887072269,log2_TPM_plus_1,other_system_RNA
GSE210140,GSM6422731,Sample_UJ-3100-x2; DOX (2uM),direct_DOX,2,3.0833333333333335,donor_induction,2_hour_pulse,LMNB1,3.201099337736659,log2_TPM_plus_1,other_system_RNA
GSE210140,GSM6422731,Sample_UJ-3100-x2; DOX (2uM),direct_DOX,2,3.0833333333333335,donor_induction,2_hour_pulse,MKI67,2.084071069937712,log2_TPM_plus_1,other_system_RNA
GSE210140,GSM6422731,Sample_UJ-3100-x2; DOX (2uM),direct_DOX,2,3.0833333333333335,donor_induction,2_hour_pulse,IL6,0.0,log2_TPM_plus_1,other_system_RNA
GSE210140,GSM6422731,Sample_UJ-3100-x2; DOX (2uM),direct_DOX,2,3.0833333333333335,donor_induction,2_hour_pulse,CXCL8,4.31855546288487,log2_TPM_plus_1,other_system_RNA
GSE210140,GSM6422731,Sample_UJ-3100-x2; DOX (2uM),direct_DOX,2,3.0833333333333335,donor_induction,2_hour_pulse,SERPINE1,7.104053545074343,log2_TPM_plus_1,other_system_RNA
GSE210140,GSM6422731,Sample_UJ-3100-x2; DOX (2uM),direct_DOX,2,3.0833333333333335,donor_induction,2_hour_pulse,MMP3,0.574157712745945,log2_TPM_plus_1,other_system_RNA
GSE210140,GSM6422731,Sample_UJ-3100-x2; DOX (2uM),direct_DOX,2,3.0833333333333335,donor_induction,2_hour_pulse,GDF15,9.89544198786242,log2_TPM_plus_1,other_system_RNA
GSE210140,GSM6422732,Sample_UJ-3100-x3; DOX (2uM),direct_DOX,3,3.0833333333333335,donor_induction,2_hour_pulse,CDKN1A,9.505287961047705,log2_TPM_plus_1,other_system_RNA
GSE210140,GSM6422732,Sample_UJ-3100-x3; DOX (2uM),direct_DOX,3,3.0833333333333335,donor_induction,2_hour_pulse,CDKN2A,2.5015818152296783,log2_TPM_plus_1,other_system_RNA
GSE210140,GSM6422732,Sample_UJ-3100-x3; DOX (2uM),direct_DOX,3,3.0833333333333335,donor_induction,2_hour_pulse,LMNB1,2.9364136855452094,log2_TPM_plus_1,other_system_RNA
GSE210140,GSM6422732,Sample_UJ-3100-x3; DOX (2uM),direct_DOX,3,3.0833333333333335,donor_induction,2_hour_pulse,MKI67,2.066798735774181,log2_TPM_plus_1,other_system_RNA
GSE210140,GSM6422732,Sample_UJ-3100-x3; DOX (2uM),direct_DOX,3,3.0833333333333335,donor_induction,2_hour_pulse,IL6,0.0,log2_TPM_plus_1,other_system_RNA
GSE210140,GSM6422732,Sample_UJ-3100-x3; DOX (2uM),direct_DOX,3,3.0833333333333335,donor_induction,2_hour_pulse,CXCL8,3.7003189706109336,log2_TPM_plus_1,other_system_RNA
GSE210140,GSM6422732,Sample_UJ-3100-x3; DOX (2uM),direct_DOX,3,3.0833333333333335,donor_induction,2_hour_pulse,SERPINE1,7.269285670814188,log2_TPM_plus_1,other_system_RNA
GSE210140,GSM6422732,Sample_UJ-3100-x3; DOX (2uM),direct_DOX,3,3.0833333333333335,donor_induction,2_hour_pulse,MMP3,0.8326389127558866,log2_TPM_plus_1,other_system_RNA
GSE210140,GSM6422732,Sample_UJ-3100-x3; DOX (2uM),direct_DOX,3,3.0833333333333335,donor_induction,2_hour_pulse,GDF15,10.21438833935684,log2_TPM_plus_1,other_system_RNA
GSE210140,GSM6422733,Sample_UJ-3100-x4; DOX (2uM),direct_DOX,4,3.0833333333333335,donor_induction,2_hour_pulse,CDKN1A,9.529241285130599,log2_TPM_plus_1,other_system_RNA
GSE210140,GSM6422733,Sample_UJ-3100-x4; DOX (2uM),direct_DOX,4,3.0833333333333335,donor_induction,2_hour_pulse,CDKN2A,2.5073146851229984,log2_TPM_plus_1,other_system_RNA
GSE210140,GSM6422733,Sample_UJ-3100-x4; DOX (2uM),direct_DOX,4,3.0833333333333335,donor_induction,2_hour_pulse,LMNB1,3.147456496808704,log2_TPM_plus_1,other_system_RNA
GSE210140,GSM6422733,Sample_UJ-3100-x4; DOX (2uM),direct_DOX,4,3.0833333333333335,donor_induction,2_hour_pulse,MKI67,2.1449828381869183,log2_TPM_plus_1,other_system_RNA
GSE210140,GSM6422733,Sample_UJ-3100-x4; DOX (2uM),direct_DOX,4,3.0833333333333335,donor_induction,2_hour_pulse,IL6,0.0,log2_TPM_plus_1,other_system_RNA
GSE210140,GSM6422733,Sample_UJ-3100-x4; DOX (2uM),direct_DOX,4,3.0833333333333335,donor_induction,2_hour_pulse,CXCL8,4.001923812936507,log2_TPM_plus_1,other_system_RNA
GSE210140,GSM6422733,Sample_UJ-3100-x4; DOX (2uM),direct_DOX,4,3.0833333333333335,donor_induction,2_hour_pulse,SERPINE1,7.327355031849747,log2_TPM_plus_1,other_system_RNA
GSE210140,GSM6422733,Sample_UJ-3100-x4; DOX (2uM),direct_DOX,4,3.0833333333333335,donor_induction,2_hour_pulse,MMP3,0.5846017818691984,log2_TPM_plus_1,other_system_RNA
GSE210140,GSM6422733,Sample_UJ-3100-x4; DOX (2uM),direct_DOX,4,3.0833333333333335,donor_induction,2_hour_pulse,GDF15,10.207494225721986,log2_TPM_plus_1,other_system_RNA
GSE210140,GSM6422734,Sample_UJ-3100-x5; DOX (2uM),direct_DOX,5,3.0833333333333335,donor_induction,2_hour_pulse,CDKN1A,9.447563414919367,log2_TPM_plus_1,other_system_RNA
GSE210140,GSM6422734,Sample_UJ-3100-x5; DOX (2uM),direct_DOX,5,3.0833333333333335,donor_induction,2_hour_pulse,CDKN2A,2.297723193097728,log2_TPM_plus_1,other_system_RNA
GSE210140,GSM6422734,Sample_UJ-3100-x5; DOX (2uM),direct_DOX,5,3.0833333333333335,donor_induction,2_hour_pulse,LMNB1,3.284148379090257,log2_TPM_plus_1,other_system_RNA
GSE210140,GSM6422734,Sample_UJ-3100-x5; DOX (2uM),direct_DOX,5,3.0833333333333335,donor_induction,2_hour_pulse,MKI67,2.312366033068299,log2_TPM_plus_1,other_system_RNA
GSE210140,GSM6422734,Sample_UJ-3100-x5; DOX (2uM),direct_DOX,5,3.0833333333333335,donor_induction,2_hour_pulse,IL6,0.1425180008823949,log2_TPM_plus_1,other_system_RNA
GSE210140,GSM6422734,Sample_UJ-3100-x5; DOX (2uM),direct_DOX,5,3.0833333333333335,donor_induction,2_hour_pulse,CXCL8,3.3465059323971666,log2_TPM_plus_1,other_system_RNA
GSE210140,GSM6422734,Sample_UJ-3100-x5; DOX (2uM),direct_DOX,5,3.0833333333333335,donor_induction,2_hour_pulse,SERPINE1,7.3812314511625505,log2_TPM_plus_1,other_system_RNA
GSE210140,GSM6422734,Sample_UJ-3100-x5; DOX (2uM),direct_DOX,5,3.0833333333333335,donor_induction,2_hour_pulse,MMP3,0.0948849001840773,log2_TPM_plus_1,other_system_RNA
GSE210140,GSM6422734,Sample_UJ-3100-x5; DOX (2uM),direct_DOX,5,3.0833333333333335,donor_induction,2_hour_pulse,GDF15,10.013795816556057,log2_TPM_plus_1,other_system_RNA
GSE210140,GSM6422735,Sample_UJ-3100-y1; Conditioned medium (Ctrl),control_CM,1,3.0,recipient_transfer,50_percent_CM,CDKN1A,5.892090263083713,log2_TPM_plus_1,other_system_RNA
GSE210140,GSM6422735,Sample_UJ-3100-y1; Conditioned medium (Ctrl),control_CM,1,3.0,recipient_transfer,50_percent_CM,CDKN2A,1.7325414306263835,log2_TPM_plus_1,other_system_RNA
GSE210140,GSM6422735,Sample_UJ-3100-y1; Conditioned medium (Ctrl),control_CM,1,3.0,recipient_transfer,50_percent_CM,LMNB1,5.139002819378878,log2_TPM_plus_1,other_system_RNA
GSE210140,GSM6422735,Sample_UJ-3100-y1; Conditioned medium (Ctrl),control_CM,1,3.0,recipient_transfer,50_percent_CM,MKI67,4.930316292985725,log2_TPM_plus_1,other_system_RNA
GSE210140,GSM6422735,Sample_UJ-3100-y1; Conditioned medium (Ctrl),control_CM,1,3.0,recipient_transfer,50_percent_CM,IL6,0.0,log2_TPM_plus_1,other_system_RNA
GSE210140,GSM6422735,Sample_UJ-3100-y1; Conditioned medium (Ctrl),control_CM,1,3.0,recipient_transfer,50_percent_CM,CXCL8,1.2186199984336772,log2_TPM_plus_1,other_system_RNA
GSE210140,GSM6422735,Sample_UJ-3100-y1; Conditioned medium (Ctrl),control_CM,1,3.0,recipient_transfer,50_percent_CM,SERPINE1,5.757199304316093,log2_TPM_plus_1,other_system_RNA
GSE210140,GSM6422735,Sample_UJ-3100-y1; Conditioned medium (Ctrl),control_CM,1,3.0,recipient_transfer,50_percent_CM,MMP3,0.45926058355998867,log2_TPM_plus_1,other_system_RNA
GSE210140,GSM6422735,Sample_UJ-3100-y1; Conditioned medium (Ctrl),control_CM,1,3.0,recipient_transfer,50_percent_CM,GDF15,9.00015591253214,log2_TPM_plus_1,other_system_RNA
GSE210140,GSM6422736,Sample_UJ-3100-y2; Conditioned medium (Ctrl),control_CM,2,3.0,recipient_transfer,50_percent_CM,CDKN1A,5.8888172934827505,log2_TPM_plus_1,other_system_RNA
GSE210140,GSM6422736,Sample_UJ-3100-y2; Conditioned medium (Ctrl),control_CM,2,3.0,recipient_transfer,50_percent_CM,CDKN2A,1.6816494070959958,log2_TPM_plus_1,other_system_RNA
GSE210140,GSM6422736,Sample_UJ-3100-y2; Conditioned medium (Ctrl),control_CM,2,3.0,recipient_transfer,50_percent_CM,LMNB1,5.258983693116773,log2_TPM_plus_1,other_system_RNA
GSE210140,GSM6422736,Sample_UJ-3100-y2; Conditioned medium (Ctrl),control_CM,2,3.0,recipient_transfer,50_percent_CM,MKI67,4.608918623193964,log2_TPM_plus_1,other_system_RNA
GSE210140,GSM6422736,Sample_UJ-3100-y2; Conditioned medium (Ctrl),control_CM,2,3.0,recipient_transfer,50_percent_CM,IL6,0.0,log2_TPM_plus_1,other_system_RNA
GSE210140,GSM6422736,Sample_UJ-3100-y2; Conditioned medium (Ctrl),control_CM,2,3.0,recipient_transfer,50_percent_CM,CXCL8,1.0046452051331973,log2_TPM_plus_1,other_system_RNA
GSE210140,GSM6422736,Sample_UJ-3100-y2; Conditioned medium (Ctrl),control_CM,2,3.0,recipient_transfer,50_percent_CM,SERPINE1,5.688121597506914,log2_TPM_plus_1,other_system_RNA
GSE210140,GSM6422736,Sample_UJ-3100-y2; Conditioned medium (Ctrl),control_CM,2,3.0,recipient_transfer,50_percent_CM,MMP3,0.0763849214330894,log2_TPM_plus_1,other_system_RNA
GSE210140,GSM6422736,Sample_UJ-3100-y2; Conditioned medium (Ctrl),control_CM,2,3.0,recipient_transfer,50_percent_CM,GDF15,8.95293939960648,log2_TPM_plus_1,other_system_RNA
GSE210140,GSM6422737,Sample_UJ-3100-y3; Conditioned medium (Ctrl),control_CM,3,3.0,recipient_transfer,50_percent_CM,CDKN1A,6.752977552914173,log2_TPM_plus_1,other_system_RNA
GSE210140,GSM6422737,Sample_UJ-3100-y3; Conditioned medium (Ctrl),control_CM,3,3.0,recipient_transfer,50_percent_CM,CDKN2A,1.566372416111543,log2_TPM_plus_1,other_system_RNA
GSE210140,GSM6422737,Sample_UJ-3100-y3; Conditioned medium (Ctrl),control_CM,3,3.0,recipient_transfer,50_percent_CM,LMNB1,5.005861109330626,log2_TPM_plus_1,other_system_RNA
GSE210140,GSM6422737,Sample_UJ-3100-y3; Conditioned medium (Ctrl),control_CM,3,3.0,recipient_transfer,50_percent_CM,MKI67,4.500605772005673,log2_TPM_plus_1,other_system_RNA
GSE210140,GSM6422737,Sample_UJ-3100-y3; Conditioned medium (Ctrl),control_CM,3,3.0,recipient_transfer,50_percent_CM,IL6,0.0,log2_TPM_plus_1,other_system_RNA
GSE210140,GSM6422737,Sample_UJ-3100-y3; Conditioned medium (Ctrl),control_CM,3,3.0,recipient_transfer,50_percent_CM,CXCL8,1.28071881361801,log2_TPM_plus_1,other_system_RNA
GSE210140,GSM6422737,Sample_UJ-3100-y3; Conditioned medium (Ctrl),control_CM,3,3.0,recipient_transfer,50_percent_CM,SERPINE1,6.389501420954056,log2_TPM_plus_1,other_system_RNA
GSE210140,GSM6422737,Sample_UJ-3100-y3; Conditioned medium (Ctrl),control_CM,3,3.0,recipient_transfer,50_percent_CM,MMP3,0.031339153119382394,log2_TPM_plus_1,other_system_RNA
GSE210140,GSM6422737,Sample_UJ-3100-y3; Conditioned medium (Ctrl),control_CM,3,3.0,recipient_transfer,50_percent_CM,GDF15,9.587322034637232,log2_TPM_plus_1,other_system_RNA
GSE210140,GSM6422738,Sample_UJ-3100-y4; Conditioned medium (Ctrl),control_CM,4,3.0,recipient_transfer,50_percent_CM,CDKN1A,5.871927556918037,log2_TPM_plus_1,other_system_RNA
GSE210140,GSM6422738,Sample_UJ-3100-y4; Conditioned medium (Ctrl),control_CM,4,3.0,recipient_transfer,50_percent_CM,CDKN2A,1.4187748428800617,log2_TPM_plus_1,other_system_RNA
GSE210140,GSM6422738,Sample_UJ-3100-y4; Conditioned medium (Ctrl),control_CM,4,3.0,recipient_transfer,50_percent_CM,LMNB1,4.713289174849099,log2_TPM_plus_1,other_system_RNA
GSE210140,GSM6422738,Sample_UJ-3100-y4; Conditioned medium (Ctrl),control_CM,4,3.0,recipient_transfer,50_percent_CM,MKI67,4.248177305853473,log2_TPM_plus_1,other_system_RNA
GSE210140,GSM6422738,Sample_UJ-3100-y4; Conditioned medium (Ctrl),control_CM,4,3.0,recipient_transfer,50_percent_CM,IL6,0.0,log2_TPM_plus_1,other_system_RNA
GSE210140,GSM6422738,Sample_UJ-3100-y4; Conditioned medium (Ctrl),control_CM,4,3.0,recipient_transfer,50_percent_CM,CXCL8,1.114179762311141,log2_TPM_plus_1,other_system_RNA
GSE210140,GSM6422738,Sample_UJ-3100-y4; Conditioned medium (Ctrl),control_CM,4,3.0,recipient_transfer,50_percent_CM,SERPINE1,8.215921225397267,log2_TPM_plus_1,other_system_RNA
GSE210140,GSM6422738,Sample_UJ-3100-y4; Conditioned medium (Ctrl),control_CM,4,3.0,recipient_transfer,50_percent_CM,MMP3,0.05110212368134823,log2_TPM_plus_1,other_system_RNA
GSE210140,GSM6422738,Sample_UJ-3100-y4; Conditioned medium (Ctrl),control_CM,4,3.0,recipient_transfer,50_percent_CM,GDF15,10.215688260079668,log2_TPM_plus_1,other_system_RNA
GSE210140,GSM6422739,Sample_UJ-3100-y5; Conditioned medium (Ctrl),control_CM,5,3.0,recipient_transfer,50_percent_CM,CDKN1A,5.840846693041744,log2_TPM_plus_1,other_system_RNA
GSE210140,GSM6422739,Sample_UJ-3100-y5; Conditioned medium (Ctrl),control_CM,5,3.0,recipient_transfer,50_percent_CM,CDKN2A,1.5021632536446186,log2_TPM_plus_1,other_system_RNA
GSE210140,GSM6422739,Sample_UJ-3100-y5; Conditioned medium (Ctrl),control_CM,5,3.0,recipient_transfer,50_percent_CM,LMNB1,4.8378708026570925,log2_TPM_plus_1,other_system_RNA
GSE210140,GSM6422739,Sample_UJ-3100-y5; Conditioned medium (Ctrl),control_CM,5,3.0,recipient_transfer,50_percent_CM,MKI67,4.329227667553185,log2_TPM_plus_1,other_system_RNA
GSE210140,GSM6422739,Sample_UJ-3100-y5; Conditioned medium (Ctrl),control_CM,5,3.0,recipient_transfer,50_percent_CM,IL6,0.0,log2_TPM_plus_1,other_system_RNA
GSE210140,GSM6422739,Sample_UJ-3100-y5; Conditioned medium (Ctrl),control_CM,5,3.0,recipient_transfer,50_percent_CM,CXCL8,1.064917332411827,log2_TPM_plus_1,other_system_RNA
GSE210140,GSM6422739,Sample_UJ-3100-y5; Conditioned medium (Ctrl),control_CM,5,3.0,recipient_transfer,50_percent_CM,SERPINE1,8.734509796511405,log2_TPM_plus_1,other_system_RNA
GSE210140,GSM6422739,Sample_UJ-3100-y5; Conditioned medium (Ctrl),control_CM,5,3.0,recipient_transfer,50_percent_CM,MMP3,0.0,log2_TPM_plus_1,other_system_RNA
GSE210140,GSM6422739,Sample_UJ-3100-y5; Conditioned medium (Ctrl),control_CM,5,3.0,recipient_transfer,50_percent_CM,GDF15,10.168155859319302,log2_TPM_plus_1,other_system_RNA
GSE210140,GSM6422740,Sample_UJ-3100-z1; Conditioned medium (DOX-treated IHH),DOX_CM,1,3.0,recipient_transfer,50_percent_CM,CDKN1A,8.63272021579451,log2_TPM_plus_1,other_system_RNA
GSE210140,GSM6422740,Sample_UJ-3100-z1; Conditioned medium (DOX-treated IHH),DOX_CM,1,3.0,recipient_transfer,50_percent_CM,CDKN2A,2.2382313762018757,log2_TPM_plus_1,other_system_RNA
GSE210140,GSM6422740,Sample_UJ-3100-z1; Conditioned medium (DOX-treated IHH),DOX_CM,1,3.0,recipient_transfer,50_percent_CM,LMNB1,3.73532720533315,log2_TPM_plus_1,other_system_RNA
GSE210140,GSM6422740,Sample_UJ-3100-z1; Conditioned medium (DOX-treated IHH),DOX_CM,1,3.0,recipient_transfer,50_percent_CM,MKI67,3.3646718767790254,log2_TPM_plus_1,other_system_RNA
GSE210140,GSM6422740,Sample_UJ-3100-z1; Conditioned medium (DOX-treated IHH),DOX_CM,1,3.0,recipient_transfer,50_percent_CM,IL6,0.0,log2_TPM_plus_1,other_system_RNA
GSE210140,GSM6422740,Sample_UJ-3100-z1; Conditioned medium (DOX-treated IHH),DOX_CM,1,3.0,recipient_transfer,50_percent_CM,CXCL8,3.024160612234435,log2_TPM_plus_1,other_system_RNA
GSE210140,GSM6422740,Sample_UJ-3100-z1; Conditioned medium (DOX-treated IHH),DOX_CM,1,3.0,recipient_transfer,50_percent_CM,SERPINE1,8.020007631999242,log2_TPM_plus_1,other_system_RNA
GSE210140,GSM6422740,Sample_UJ-3100-z1; Conditioned medium (DOX-treated IHH),DOX_CM,1,3.0,recipient_transfer,50_percent_CM,MMP3,0.04328654391211073,log2_TPM_plus_1,other_system_RNA
GSE210140,GSM6422740,Sample_UJ-3100-z1; Conditioned medium (DOX-treated IHH),DOX_CM,1,3.0,recipient_transfer,50_percent_CM,GDF15,10.6025467013753,log2_TPM_plus_1,other_system_RNA
GSE210140,GSM6422741,Sample_UJ-3100-z2; Conditioned medium (DOX-treated IHH),DOX_CM,2,3.0,recipient_transfer,50_percent_CM,CDKN1A,8.585427416933568,log2_TPM_plus_1,other_system_RNA
GSE210140,GSM6422741,Sample_UJ-3100-z2; Conditioned medium (DOX-treated IHH),DOX_CM,2,3.0,recipient_transfer,50_percent_CM,CDKN2A,2.2975571660411536,log2_TPM_plus_1,other_system_RNA
GSE210140,GSM6422741,Sample_UJ-3100-z2; Conditioned medium (DOX-treated IHH),DOX_CM,2,3.0,recipient_transfer,50_percent_CM,LMNB1,3.542926611847828,log2_TPM_plus_1,other_system_RNA
GSE210140,GSM6422741,Sample_UJ-3100-z2; Conditioned medium (DOX-treated IHH),DOX_CM,2,3.0,recipient_transfer,50_percent_CM,MKI67,3.354253261456101,log2_TPM_plus_1,other_system_RNA
GSE210140,GSM6422741,Sample_UJ-3100-z2; Conditioned medium (DOX-treated IHH),DOX_CM,2,3.0,recipient_transfer,50_percent_CM,IL6,0.0,log2_TPM_plus_1,other_system_RNA
GSE210140,GSM6422741,Sample_UJ-3100-z2; Conditioned medium (DOX-treated IHH),DOX_CM,2,3.0,recipient_transfer,50_percent_CM,CXCL8,3.1559459062639177,log2_TPM_plus_1,other_system_RNA
GSE210140,GSM6422741,Sample_UJ-3100-z2; Conditioned medium (DOX-treated IHH),DOX_CM,2,3.0,recipient_transfer,50_percent_CM,SERPINE1,8.032337818991893,log2_TPM_plus_1,other_system_RNA
GSE210140,GSM6422741,Sample_UJ-3100-z2; Conditioned medium (DOX-treated IHH),DOX_CM,2,3.0,recipient_transfer,50_percent_CM,MMP3,0.38020967441098275,log2_TPM_plus_1,other_system_RNA
GSE210140,GSM6422741,Sample_UJ-3100-z2; Conditioned medium (DOX-treated IHH),DOX_CM,2,3.0,recipient_transfer,50_percent_CM,GDF15,10.451569680036576,log2_TPM_plus_1,other_system_RNA
GSE210140,GSM6422742,Sample_UJ-3100-z3; Conditioned medium (DOX-treated IHH),DOX_CM,3,3.0,recipient_transfer,50_percent_CM,CDKN1A,8.611651919699705,log2_TPM_plus_1,other_system_RNA
GSE210140,GSM6422742,Sample_UJ-3100-z3; Conditioned medium (DOX-treated IHH),DOX_CM,3,3.0,recipient_transfer,50_percent_CM,CDKN2A,1.920652118830329,log2_TPM_plus_1,other_system_RNA
GSE210140,GSM6422742,Sample_UJ-3100-z3; Conditioned medium (DOX-treated IHH),DOX_CM,3,3.0,recipient_transfer,50_percent_CM,LMNB1,3.1475232496156975,log2_TPM_plus_1,other_system_RNA
GSE210140,GSM6422742,Sample_UJ-3100-z3; Conditioned medium (DOX-treated IHH),DOX_CM,3,3.0,recipient_transfer,50_percent_CM,MKI67,2.644536981179889,log2_TPM_plus_1,other_system_RNA
GSE210140,GSM6422742,Sample_UJ-3100-z3; Conditioned medium (DOX-treated IHH),DOX_CM,3,3.0,recipient_transfer,50_percent_CM,IL6,0.0,log2_TPM_plus_1,other_system_RNA
GSE210140,GSM6422742,Sample_UJ-3100-z3; Conditioned medium (DOX-treated IHH),DOX_CM,3,3.0,recipient_transfer,50_percent_CM,CXCL8,2.6734680053307383,log2_TPM_plus_1,other_system_RNA
GSE210140,GSM6422742,Sample_UJ-3100-z3; Conditioned medium (DOX-treated IHH),DOX_CM,3,3.0,recipient_transfer,50_percent_CM,SERPINE1,8.27982876782533,log2_TPM_plus_1,other_system_RNA
GSE210140,GSM6422742,Sample_UJ-3100-z3; Conditioned medium (DOX-treated IHH),DOX_CM,3,3.0,recipient_transfer,50_percent_CM,MMP3,0.05669991031999554,log2_TPM_plus_1,other_system_RNA
GSE210140,GSM6422742,Sample_UJ-3100-z3; Conditioned medium (DOX-treated IHH),DOX_CM,3,3.0,recipient_transfer,50_percent_CM,GDF15,10.933313568833082,log2_TPM_plus_1,other_system_RNA
GSE210140,GSM6422743,Sample_UJ-3100-z4; Conditioned medium (DOX-treated IHH),DOX_CM,4,3.0,recipient_transfer,50_percent_CM,CDKN1A,8.696529019361513,log2_TPM_plus_1,other_system_RNA
GSE210140,GSM6422743,Sample_UJ-3100-z4; Conditioned medium (DOX-treated IHH),DOX_CM,4,3.0,recipient_transfer,50_percent_CM,CDKN2A,1.7824544033177554,log2_TPM_plus_1,other_system_RNA
GSE210140,GSM6422743,Sample_UJ-3100-z4; Conditioned medium (DOX-treated IHH),DOX_CM,4,3.0,recipient_transfer,50_percent_CM,LMNB1,3.8692792073430082,log2_TPM_plus_1,other_system_RNA
GSE210140,GSM6422743,Sample_UJ-3100-z4; Conditioned medium (DOX-treated IHH),DOX_CM,4,3.0,recipient_transfer,50_percent_CM,MKI67,3.205703728675168,log2_TPM_plus_1,other_system_RNA
GSE210140,GSM6422743,Sample_UJ-3100-z4; Conditioned medium (DOX-treated IHH),DOX_CM,4,3.0,recipient_transfer,50_percent_CM,IL6,0.0,log2_TPM_plus_1,other_system_RNA
GSE210140,GSM6422743,Sample_UJ-3100-z4; Conditioned medium (DOX-treated IHH),DOX_CM,4,3.0,recipient_transfer,50_percent_CM,CXCL8,1.3806408009235096,log2_TPM_plus_1,other_system_RNA
GSE210140,GSM6422743,Sample_UJ-3100-z4; Conditioned medium (DOX-treated IHH),DOX_CM,4,3.0,recipient_transfer,50_percent_CM,SERPINE1,9.015462444488842,log2_TPM_plus_1,other_system_RNA
GSE210140,GSM6422743,Sample_UJ-3100-z4; Conditioned medium (DOX-treated IHH),DOX_CM,4,3.0,recipient_transfer,50_percent_CM,MMP3,0.0,log2_TPM_plus_1,other_system_RNA
GSE210140,GSM6422743,Sample_UJ-3100-z4; Conditioned medium (DOX-treated IHH),DOX_CM,4,3.0,recipient_transfer,50_percent_CM,GDF15,10.89890719802564,log2_TPM_plus_1,other_system_RNA
GSE210140,GSM6422744,Sample_UJ-3100-z5; Conditioned medium (DOX-treated IHH),DOX_CM,5,3.0,recipient_transfer,50_percent_CM,CDKN1A,8.55821611924794,log2_TPM_plus_1,other_system_RNA
GSE210140,GSM6422744,Sample_UJ-3100-z5; Conditioned medium (DOX-treated IHH),DOX_CM,5,3.0,recipient_transfer,50_percent_CM,CDKN2A,1.4333146939702595,log2_TPM_plus_1,other_system_RNA
GSE210140,GSM6422744,Sample_UJ-3100-z5; Conditioned medium (DOX-treated IHH),DOX_CM,5,3.0,recipient_transfer,50_percent_CM,LMNB1,3.6600158653256636,log2_TPM_plus_1,other_system_RNA
GSE210140,GSM6422744,Sample_UJ-3100-z5; Conditioned medium (DOX-treated IHH),DOX_CM,5,3.0,recipient_transfer,50_percent_CM,MKI67,3.150224958494617,log2_TPM_plus_1,other_system_RNA
GSE210140,GSM6422744,Sample_UJ-3100-z5; Conditioned medium (DOX-treated IHH),DOX_CM,5,3.0,recipient_transfer,50_percent_CM,IL6,0.0,log2_TPM_plus_1,other_system_RNA
GSE210140,GSM6422744,Sample_UJ-3100-z5; Conditioned medium (DOX-treated IHH),DOX_CM,5,3.0,recipient_transfer,50_percent_CM,CXCL8,1.6171574040682168,log2_TPM_plus_1,other_system_RNA
GSE210140,GSM6422744,Sample_UJ-3100-z5; Conditioned medium (DOX-treated IHH),DOX_CM,5,3.0,recipient_transfer,50_percent_CM,SERPINE1,8.660441650209172,log2_TPM_plus_1,other_system_RNA
GSE210140,GSM6422744,Sample_UJ-3100-z5; Conditioned medium (DOX-treated IHH),DOX_CM,5,3.0,recipient_transfer,50_percent_CM,MMP3,0.032050048119798544,log2_TPM_plus_1,other_system_RNA
GSE210140,GSM6422744,Sample_UJ-3100-z5; Conditioned medium (DOX-treated IHH),DOX_CM,5,3.0,recipient_transfer,50_percent_CM,GDF15,10.848378041720755,log2_TPM_plus_1,other_system_RNA
