sheet,source_row,genes_as_deposited,gene,uniprot,log2_senescent_over_control,author_qvalue,author_SD,compartment,cell_type,log2_ratio_cell,functional_activity_measured
IR SASP,14,CXCL8,CXCL8,P10145,8.578271866,0.000353008,2.21631813,soluble,IMR90_fibroblast,E14,False
IR SASP,81,SERPINE1,SERPINE1,P05121,4.889881134,0.006593514,0.818178654,soluble,IMR90_fibroblast,E81,False
IR SASP,340,GDF15,GDF15,Q99988,2.537754750823916,0.0010199173690959352,0.49508242585964096,soluble,IMR90_fibroblast,E340,False
RAS SASP,4,CXCL8,CXCL8,P10145,10.85072708,2.12e-09,2.295479774,soluble,IMR90_fibroblast,E4,False
RAS SASP,22,MMP3,MMP3,P08254,5.090472165,0.000112518,1.653816819,soluble,IMR90_fibroblast,E22,False
RAS SASP,23,GDF15,GDF15,Q99988,5.065953238,4.09e-10,2.212417126,soluble,IMR90_fibroblast,E23,False
RAS SASP,486,LMNB1,LMNB1,P20700,2.031575682,5.23e-07,1.378093362,soluble,IMR90_fibroblast,E486,False
RAS SASP,487,SERPINE1,SERPINE1,P05121,2.02805435,0.003027945,1.913084865,soluble,IMR90_fibroblast,E487,False
ATV SASP,16,GDF15,GDF15,Q99988,3.082089859,0.002663275,0.59233731,soluble,IMR90_fibroblast,E16,False
ATV SASP,347,SERPINE1,SERPINE1,P05121,0.532597298,0.000368519,1.124769449,soluble,IMR90_fibroblast,E347,False
ATV SASP,443,LMNB1,LMNB1,P20700,-2.949536034,0.147647439,4.268857479,soluble,IMR90_fibroblast,E443,False
IR Epithelial SASP,18,GDF15,GDF15,Q99988,1.95882424,2.64e-06,0.867809832,soluble,renal_epithelial,E18,False
IR Epithelial SASP,65,CXCL8,CXCL8,P10145,1.15769839,0.023832673,0.525185287,soluble,renal_epithelial,E65,False
IR Epithelial SASP,1065,LMNB1,LMNB1,P20700,-0.777888789,0.001535853,0.782830298,soluble,renal_epithelial,E1065,False
IR Epithelial SASP,1164,SERPINE1,SERPINE1,P05121,-1.915083085,0.000358983,1.845552444,soluble,renal_epithelial,E1164,False
IR Exosome SASP,57,MKI67,MKI67,P46013,2.262851238,0.04797005,1.787871838,extracellular_vesicle,IMR90_fibroblast,E57,False
IR Exosome SASP,200,LMNB1,LMNB1,P20700,1.056599379,0.036190836,1.214495182,extracellular_vesicle,IMR90_fibroblast,E200,False
IR Exosome SASP,1007,SERPINE1,SERPINE1,P05121,-1.287323713,0.077562347,2.18644309,extracellular_vesicle,IMR90_fibroblast,E1007,False
ATV SASP (Day 9),20,GDF15,GDF15,Q99988,1.3789688,0.114692866,1.073013186,soluble,IMR90_fibroblast,E20,False
ATV SASP (Day 9),105,SERPINE1,SERPINE1,P05121,0.61884819,0.007131864,1.224778414,soluble,IMR90_fibroblast,E105,False
ATV SASP (Day 9),412,LMNB1,LMNB1,P20700,-0.409395174,0.44885983,4.935847759,soluble,IMR90_fibroblast,E412,False
RAS SASP (Day 4),6,LMNB1,LMNB1,P20700,4.880533927,0.038923183,1.020128489,soluble,IMR90_fibroblast,E6,False
RAS SASP (Day 4),1097,SERPINE1,SERPINE1,P05121,-3.563422949,1.11e-28,1.432493567,soluble,IMR90_fibroblast,E1097,False
RAS SASP (Day 4),1105,GDF15,GDF15,Q99988,-3.916015117,,,soluble,IMR90_fibroblast,E1105,False
