library,modality,feature,cells,median,q10,q90,nonzero_fraction,unit,biological_replicates_per_condition
proliferating,RNA,CDKN1A,7132,0.5758842130636458,0.0,1.5199075702602962,0.730089736399327,log1p_RNA_counts_per_10000,1
proliferating,RNA,CDKN2A,7132,0.21916136750081194,0.0,0.6904253956724247,0.5654795288839035,log1p_RNA_counts_per_10000,1
proliferating,RNA,LMNB1,7132,0.0,0.0,0.6650201399132841,0.3892316320807628,log1p_RNA_counts_per_10000,1
proliferating,RNA,MKI67,7132,0.0,0.0,1.3522086739818915,0.4596186203028603,log1p_RNA_counts_per_10000,1
proliferating,RNA,IL6,7132,0.0,0.0,0.0,0.05089736399326977,log1p_RNA_counts_per_10000,1
proliferating,RNA,CXCL8,7132,0.0,0.0,0.0,0.029865395401009534,log1p_RNA_counts_per_10000,1
proliferating,RNA,SERPINE1,7132,1.0398605865818868,0.0,2.027032288899442,0.8331463825014022,log1p_RNA_counts_per_10000,1
proliferating,RNA,MMP3,7132,0.0,0.0,0.0,0.06533931575995514,log1p_RNA_counts_per_10000,1
proliferating,RNA,GDF15,7132,0.0,0.0,0.6407271006823728,0.3512338754907459,log1p_RNA_counts_per_10000,1
proliferating,ADT,CD112,7132,-0.31442548910365,-0.6190971907559849,0.06964425898653259,,within_cell_centered_log1p_ADT,1
proliferating,ADT,HLA_A_B_C,7132,-0.16767304996594667,-0.7582431214098387,0.28846520582455665,,within_cell_centered_log1p_ADT,1
proliferating,ADT,CD44,7132,2.8025409897593327,1.6430944394359404,3.185030409174414,,within_cell_centered_log1p_ADT,1
proliferating,ADT,CD54,7132,-0.7429496241200841,-1.6736954249705278,0.1723812229309097,,within_cell_centered_log1p_ADT,1
proliferating,ADT,CD26,7132,-0.9427338030477244,-1.472572217537055,-0.4224968955956977,,within_cell_centered_log1p_ADT,1
proliferating,ADT,CD49a,7132,-0.7312795736723801,-1.2514687486302565,-0.1598296020724681,,within_cell_centered_log1p_ADT,1
proliferating,ADT,CD73,7132,1.7063506330653273,1.2745887407902405,2.0747233418595528,,within_cell_centered_log1p_ADT,1
proliferating,ADT,CD109,7132,-1.4266555371917697,-2.047579597862934,-0.7783303065468247,,within_cell_centered_log1p_ADT,1
senescent,RNA,CDKN1A,3515,0.694608711251258,0.0,2.208010055559188,0.7396870554765291,log1p_RNA_counts_per_10000,1
senescent,RNA,CDKN2A,3515,0.0,0.0,0.7455535982508393,0.42844950213371263,log1p_RNA_counts_per_10000,1
senescent,RNA,LMNB1,3515,0.0,0.0,0.38247693434604607,0.19004267425320057,log1p_RNA_counts_per_10000,1
senescent,RNA,MKI67,3515,0.0,0.0,0.9443627578362737,0.22361308677098152,log1p_RNA_counts_per_10000,1
senescent,RNA,IL6,3515,0.0,0.0,0.0,0.0534850640113798,log1p_RNA_counts_per_10000,1
senescent,RNA,CXCL8,3515,0.0,0.0,0.0,0.05519203413940256,log1p_RNA_counts_per_10000,1
senescent,RNA,SERPINE1,3515,1.0345616473799248,0.0,2.2893969644015475,0.7371266002844951,log1p_RNA_counts_per_10000,1
senescent,RNA,MMP3,3515,0.0,0.0,0.24575603993370218,0.16984352773826458,log1p_RNA_counts_per_10000,1
senescent,RNA,GDF15,3515,0.0,0.0,0.835172550961571,0.31920341394025603,log1p_RNA_counts_per_10000,1
senescent,ADT,CD112,3515,0.059424239460536654,-0.30649205421423725,0.486065005237353,,within_cell_centered_log1p_ADT,1
senescent,ADT,HLA_A_B_C,3515,-0.23698835168019805,-0.6630821823631727,0.2101728221013379,,within_cell_centered_log1p_ADT,1
senescent,ADT,CD44,3515,1.2107190724778336,0.1733439231290579,1.9927959266418056,,within_cell_centered_log1p_ADT,1
senescent,ADT,CD54,3515,-0.4595319976313679,-1.1754662182404099,0.19271148225656337,,within_cell_centered_log1p_ADT,1
senescent,ADT,CD26,3515,0.25016224562208667,-0.35956537521614,0.8671529386340942,,within_cell_centered_log1p_ADT,1
senescent,ADT,CD49a,3515,-0.346404316972758,-0.8364771838283692,0.36897383763244895,,within_cell_centered_log1p_ADT,1
senescent,ADT,CD73,3515,1.017816963127724,0.6905158809412637,1.4960813634825163,,within_cell_centered_log1p_ADT,1
senescent,ADT,CD109,3515,-1.5166914938693825,-2.622850709074536,-0.47276854439687443,,within_cell_centered_log1p_ADT,1
