sample,condition,replicate,time_days,post_withdrawal_days,title,study,gene,value,unit,time_origin,exposure,evidence
GSM6922822,control,1,0.0,,Untreated-control_1,GSE222400_NCBI,CDKN1A,14.731722270994199,log2_size_factor_normalized_count_plus_1,start_of_24_hour_induction,sham_control,NCBI_reprocessed_withdrawal_RNA
GSM6922822,control,1,0.0,,Untreated-control_1,GSE222400_NCBI,CDKN2A,9.694662478329457,log2_size_factor_normalized_count_plus_1,start_of_24_hour_induction,sham_control,NCBI_reprocessed_withdrawal_RNA
GSM6922822,control,1,0.0,,Untreated-control_1,GSE222400_NCBI,LMNB1,10.462916822525697,log2_size_factor_normalized_count_plus_1,start_of_24_hour_induction,sham_control,NCBI_reprocessed_withdrawal_RNA
GSM6922822,control,1,0.0,,Untreated-control_1,GSE222400_NCBI,MKI67,12.193701974722826,log2_size_factor_normalized_count_plus_1,start_of_24_hour_induction,sham_control,NCBI_reprocessed_withdrawal_RNA
GSM6922822,control,1,0.0,,Untreated-control_1,GSE222400_NCBI,IL6,7.015674406147746,log2_size_factor_normalized_count_plus_1,start_of_24_hour_induction,sham_control,NCBI_reprocessed_withdrawal_RNA
GSM6922822,control,1,0.0,,Untreated-control_1,GSE222400_NCBI,CXCL8,8.074937090754897,log2_size_factor_normalized_count_plus_1,start_of_24_hour_induction,sham_control,NCBI_reprocessed_withdrawal_RNA
GSM6922822,control,1,0.0,,Untreated-control_1,GSE222400_NCBI,SERPINE1,15.714838271293074,log2_size_factor_normalized_count_plus_1,start_of_24_hour_induction,sham_control,NCBI_reprocessed_withdrawal_RNA
GSM6922822,control,1,0.0,,Untreated-control_1,GSE222400_NCBI,MMP3,10.584824465950826,log2_size_factor_normalized_count_plus_1,start_of_24_hour_induction,sham_control,NCBI_reprocessed_withdrawal_RNA
GSM6922822,control,1,0.0,,Untreated-control_1,GSE222400_NCBI,GDF15,10.115272265556358,log2_size_factor_normalized_count_plus_1,start_of_24_hour_induction,sham_control,NCBI_reprocessed_withdrawal_RNA
GSM6922823,control,2,0.0,,Untreated-control_2,GSE222400_NCBI,CDKN1A,14.619182069087897,log2_size_factor_normalized_count_plus_1,start_of_24_hour_induction,sham_control,NCBI_reprocessed_withdrawal_RNA
GSM6922823,control,2,0.0,,Untreated-control_2,GSE222400_NCBI,CDKN2A,9.750343338553739,log2_size_factor_normalized_count_plus_1,start_of_24_hour_induction,sham_control,NCBI_reprocessed_withdrawal_RNA
GSM6922823,control,2,0.0,,Untreated-control_2,GSE222400_NCBI,LMNB1,10.699877028685842,log2_size_factor_normalized_count_plus_1,start_of_24_hour_induction,sham_control,NCBI_reprocessed_withdrawal_RNA
GSM6922823,control,2,0.0,,Untreated-control_2,GSE222400_NCBI,MKI67,12.542249706452466,log2_size_factor_normalized_count_plus_1,start_of_24_hour_induction,sham_control,NCBI_reprocessed_withdrawal_RNA
GSM6922823,control,2,0.0,,Untreated-control_2,GSE222400_NCBI,IL6,6.566666591627638,log2_size_factor_normalized_count_plus_1,start_of_24_hour_induction,sham_control,NCBI_reprocessed_withdrawal_RNA
GSM6922823,control,2,0.0,,Untreated-control_2,GSE222400_NCBI,CXCL8,5.3150500451105795,log2_size_factor_normalized_count_plus_1,start_of_24_hour_induction,sham_control,NCBI_reprocessed_withdrawal_RNA
GSM6922823,control,2,0.0,,Untreated-control_2,GSE222400_NCBI,SERPINE1,15.933752071240622,log2_size_factor_normalized_count_plus_1,start_of_24_hour_induction,sham_control,NCBI_reprocessed_withdrawal_RNA
GSM6922823,control,2,0.0,,Untreated-control_2,GSE222400_NCBI,MMP3,9.556389140680773,log2_size_factor_normalized_count_plus_1,start_of_24_hour_induction,sham_control,NCBI_reprocessed_withdrawal_RNA
GSM6922823,control,2,0.0,,Untreated-control_2,GSE222400_NCBI,GDF15,10.247241453471565,log2_size_factor_normalized_count_plus_1,start_of_24_hour_induction,sham_control,NCBI_reprocessed_withdrawal_RNA
GSM6922826,SDS,1,1.0,0.0,SDS_D0_1,GSE222400_NCBI,CDKN1A,15.112919317373839,log2_size_factor_normalized_count_plus_1,start_of_24_hour_induction,24_hour_pulse,NCBI_reprocessed_withdrawal_RNA
GSM6922826,SDS,1,1.0,0.0,SDS_D0_1,GSE222400_NCBI,CDKN2A,9.528117394640596,log2_size_factor_normalized_count_plus_1,start_of_24_hour_induction,24_hour_pulse,NCBI_reprocessed_withdrawal_RNA
GSM6922826,SDS,1,1.0,0.0,SDS_D0_1,GSE222400_NCBI,LMNB1,7.039054777867659,log2_size_factor_normalized_count_plus_1,start_of_24_hour_induction,24_hour_pulse,NCBI_reprocessed_withdrawal_RNA
GSM6922826,SDS,1,1.0,0.0,SDS_D0_1,GSE222400_NCBI,MKI67,9.506929856644721,log2_size_factor_normalized_count_plus_1,start_of_24_hour_induction,24_hour_pulse,NCBI_reprocessed_withdrawal_RNA
GSM6922826,SDS,1,1.0,0.0,SDS_D0_1,GSE222400_NCBI,IL6,9.155176473563472,log2_size_factor_normalized_count_plus_1,start_of_24_hour_induction,24_hour_pulse,NCBI_reprocessed_withdrawal_RNA
GSM6922826,SDS,1,1.0,0.0,SDS_D0_1,GSE222400_NCBI,CXCL8,11.448237115668801,log2_size_factor_normalized_count_plus_1,start_of_24_hour_induction,24_hour_pulse,NCBI_reprocessed_withdrawal_RNA
GSM6922826,SDS,1,1.0,0.0,SDS_D0_1,GSE222400_NCBI,SERPINE1,16.416010012561916,log2_size_factor_normalized_count_plus_1,start_of_24_hour_induction,24_hour_pulse,NCBI_reprocessed_withdrawal_RNA
GSM6922826,SDS,1,1.0,0.0,SDS_D0_1,GSE222400_NCBI,MMP3,10.68874757131896,log2_size_factor_normalized_count_plus_1,start_of_24_hour_induction,24_hour_pulse,NCBI_reprocessed_withdrawal_RNA
GSM6922826,SDS,1,1.0,0.0,SDS_D0_1,GSE222400_NCBI,GDF15,14.188095460313493,log2_size_factor_normalized_count_plus_1,start_of_24_hour_induction,24_hour_pulse,NCBI_reprocessed_withdrawal_RNA
GSM6922827,SDS,2,1.0,0.0,SDS_D0_2,GSE222400_NCBI,CDKN1A,15.01999196927972,log2_size_factor_normalized_count_plus_1,start_of_24_hour_induction,24_hour_pulse,NCBI_reprocessed_withdrawal_RNA
GSM6922827,SDS,2,1.0,0.0,SDS_D0_2,GSE222400_NCBI,CDKN2A,9.696244757071993,log2_size_factor_normalized_count_plus_1,start_of_24_hour_induction,24_hour_pulse,NCBI_reprocessed_withdrawal_RNA
GSM6922827,SDS,2,1.0,0.0,SDS_D0_2,GSE222400_NCBI,LMNB1,6.540165564751181,log2_size_factor_normalized_count_plus_1,start_of_24_hour_induction,24_hour_pulse,NCBI_reprocessed_withdrawal_RNA
GSM6922827,SDS,2,1.0,0.0,SDS_D0_2,GSE222400_NCBI,MKI67,8.576298733713829,log2_size_factor_normalized_count_plus_1,start_of_24_hour_induction,24_hour_pulse,NCBI_reprocessed_withdrawal_RNA
GSM6922827,SDS,2,1.0,0.0,SDS_D0_2,GSE222400_NCBI,IL6,9.509399977000339,log2_size_factor_normalized_count_plus_1,start_of_24_hour_induction,24_hour_pulse,NCBI_reprocessed_withdrawal_RNA
GSM6922827,SDS,2,1.0,0.0,SDS_D0_2,GSE222400_NCBI,CXCL8,12.015914399860748,log2_size_factor_normalized_count_plus_1,start_of_24_hour_induction,24_hour_pulse,NCBI_reprocessed_withdrawal_RNA
GSM6922827,SDS,2,1.0,0.0,SDS_D0_2,GSE222400_NCBI,SERPINE1,15.960047301126677,log2_size_factor_normalized_count_plus_1,start_of_24_hour_induction,24_hour_pulse,NCBI_reprocessed_withdrawal_RNA
GSM6922827,SDS,2,1.0,0.0,SDS_D0_2,GSE222400_NCBI,MMP3,10.877181469920119,log2_size_factor_normalized_count_plus_1,start_of_24_hour_induction,24_hour_pulse,NCBI_reprocessed_withdrawal_RNA
GSM6922827,SDS,2,1.0,0.0,SDS_D0_2,GSE222400_NCBI,GDF15,14.364447657619595,log2_size_factor_normalized_count_plus_1,start_of_24_hour_induction,24_hour_pulse,NCBI_reprocessed_withdrawal_RNA
GSM6922828,SDS,1,2.0,1.0,SDS_D1_1,GSE222400_NCBI,CDKN1A,14.539761035459701,log2_size_factor_normalized_count_plus_1,start_of_24_hour_induction,24_hour_pulse,NCBI_reprocessed_withdrawal_RNA
GSM6922828,SDS,1,2.0,1.0,SDS_D1_1,GSE222400_NCBI,CDKN2A,9.955202032277104,log2_size_factor_normalized_count_plus_1,start_of_24_hour_induction,24_hour_pulse,NCBI_reprocessed_withdrawal_RNA
GSM6922828,SDS,1,2.0,1.0,SDS_D1_1,GSE222400_NCBI,LMNB1,9.103138441593018,log2_size_factor_normalized_count_plus_1,start_of_24_hour_induction,24_hour_pulse,NCBI_reprocessed_withdrawal_RNA
GSM6922828,SDS,1,2.0,1.0,SDS_D1_1,GSE222400_NCBI,MKI67,11.239685993813932,log2_size_factor_normalized_count_plus_1,start_of_24_hour_induction,24_hour_pulse,NCBI_reprocessed_withdrawal_RNA
GSM6922828,SDS,1,2.0,1.0,SDS_D1_1,GSE222400_NCBI,IL6,5.358505209123269,log2_size_factor_normalized_count_plus_1,start_of_24_hour_induction,24_hour_pulse,NCBI_reprocessed_withdrawal_RNA
GSM6922828,SDS,1,2.0,1.0,SDS_D1_1,GSE222400_NCBI,CXCL8,6.492492089373323,log2_size_factor_normalized_count_plus_1,start_of_24_hour_induction,24_hour_pulse,NCBI_reprocessed_withdrawal_RNA
GSM6922828,SDS,1,2.0,1.0,SDS_D1_1,GSE222400_NCBI,SERPINE1,15.493934421235162,log2_size_factor_normalized_count_plus_1,start_of_24_hour_induction,24_hour_pulse,NCBI_reprocessed_withdrawal_RNA
GSM6922828,SDS,1,2.0,1.0,SDS_D1_1,GSE222400_NCBI,MMP3,12.291565842873403,log2_size_factor_normalized_count_plus_1,start_of_24_hour_induction,24_hour_pulse,NCBI_reprocessed_withdrawal_RNA
GSM6922828,SDS,1,2.0,1.0,SDS_D1_1,GSE222400_NCBI,GDF15,10.02586132488566,log2_size_factor_normalized_count_plus_1,start_of_24_hour_induction,24_hour_pulse,NCBI_reprocessed_withdrawal_RNA
GSM6922829,SDS,2,2.0,1.0,SDS_D1_2,GSE222400_NCBI,CDKN1A,14.39429968010917,log2_size_factor_normalized_count_plus_1,start_of_24_hour_induction,24_hour_pulse,NCBI_reprocessed_withdrawal_RNA
GSM6922829,SDS,2,2.0,1.0,SDS_D1_2,GSE222400_NCBI,CDKN2A,10.062138765432543,log2_size_factor_normalized_count_plus_1,start_of_24_hour_induction,24_hour_pulse,NCBI_reprocessed_withdrawal_RNA
GSM6922829,SDS,2,2.0,1.0,SDS_D1_2,GSE222400_NCBI,LMNB1,9.28811923479162,log2_size_factor_normalized_count_plus_1,start_of_24_hour_induction,24_hour_pulse,NCBI_reprocessed_withdrawal_RNA
GSM6922829,SDS,2,2.0,1.0,SDS_D1_2,GSE222400_NCBI,MKI67,11.534223759175292,log2_size_factor_normalized_count_plus_1,start_of_24_hour_induction,24_hour_pulse,NCBI_reprocessed_withdrawal_RNA
GSM6922829,SDS,2,2.0,1.0,SDS_D1_2,GSE222400_NCBI,IL6,6.112170363113493,log2_size_factor_normalized_count_plus_1,start_of_24_hour_induction,24_hour_pulse,NCBI_reprocessed_withdrawal_RNA
GSM6922829,SDS,2,2.0,1.0,SDS_D1_2,GSE222400_NCBI,CXCL8,8.283427102298234,log2_size_factor_normalized_count_plus_1,start_of_24_hour_induction,24_hour_pulse,NCBI_reprocessed_withdrawal_RNA
GSM6922829,SDS,2,2.0,1.0,SDS_D1_2,GSE222400_NCBI,SERPINE1,15.730388832728618,log2_size_factor_normalized_count_plus_1,start_of_24_hour_induction,24_hour_pulse,NCBI_reprocessed_withdrawal_RNA
GSM6922829,SDS,2,2.0,1.0,SDS_D1_2,GSE222400_NCBI,MMP3,12.004269819001065,log2_size_factor_normalized_count_plus_1,start_of_24_hour_induction,24_hour_pulse,NCBI_reprocessed_withdrawal_RNA
GSM6922829,SDS,2,2.0,1.0,SDS_D1_2,GSE222400_NCBI,GDF15,10.306081590316996,log2_size_factor_normalized_count_plus_1,start_of_24_hour_induction,24_hour_pulse,NCBI_reprocessed_withdrawal_RNA
GSM6922830,SDS,1,3.0,2.0,SDS_D2_1,GSE222400_NCBI,CDKN1A,15.054307924433898,log2_size_factor_normalized_count_plus_1,start_of_24_hour_induction,24_hour_pulse,NCBI_reprocessed_withdrawal_RNA
GSM6922830,SDS,1,3.0,2.0,SDS_D2_1,GSE222400_NCBI,CDKN2A,10.02130291742797,log2_size_factor_normalized_count_plus_1,start_of_24_hour_induction,24_hour_pulse,NCBI_reprocessed_withdrawal_RNA
GSM6922830,SDS,1,3.0,2.0,SDS_D2_1,GSE222400_NCBI,LMNB1,9.099203476064426,log2_size_factor_normalized_count_plus_1,start_of_24_hour_induction,24_hour_pulse,NCBI_reprocessed_withdrawal_RNA
GSM6922830,SDS,1,3.0,2.0,SDS_D2_1,GSE222400_NCBI,MKI67,11.247129813959406,log2_size_factor_normalized_count_plus_1,start_of_24_hour_induction,24_hour_pulse,NCBI_reprocessed_withdrawal_RNA
GSM6922830,SDS,1,3.0,2.0,SDS_D2_1,GSE222400_NCBI,IL6,5.448807607751898,log2_size_factor_normalized_count_plus_1,start_of_24_hour_induction,24_hour_pulse,NCBI_reprocessed_withdrawal_RNA
GSM6922830,SDS,1,3.0,2.0,SDS_D2_1,GSE222400_NCBI,CXCL8,5.472909708083951,log2_size_factor_normalized_count_plus_1,start_of_24_hour_induction,24_hour_pulse,NCBI_reprocessed_withdrawal_RNA
GSM6922830,SDS,1,3.0,2.0,SDS_D2_1,GSE222400_NCBI,SERPINE1,15.86916642823638,log2_size_factor_normalized_count_plus_1,start_of_24_hour_induction,24_hour_pulse,NCBI_reprocessed_withdrawal_RNA
GSM6922830,SDS,1,3.0,2.0,SDS_D2_1,GSE222400_NCBI,MMP3,11.250619476198592,log2_size_factor_normalized_count_plus_1,start_of_24_hour_induction,24_hour_pulse,NCBI_reprocessed_withdrawal_RNA
GSM6922830,SDS,1,3.0,2.0,SDS_D2_1,GSE222400_NCBI,GDF15,9.965060891991227,log2_size_factor_normalized_count_plus_1,start_of_24_hour_induction,24_hour_pulse,NCBI_reprocessed_withdrawal_RNA
GSM6922831,SDS,2,3.0,2.0,SDS_D2_2,GSE222400_NCBI,CDKN1A,14.993681019695545,log2_size_factor_normalized_count_plus_1,start_of_24_hour_induction,24_hour_pulse,NCBI_reprocessed_withdrawal_RNA
GSM6922831,SDS,2,3.0,2.0,SDS_D2_2,GSE222400_NCBI,CDKN2A,9.84471487828714,log2_size_factor_normalized_count_plus_1,start_of_24_hour_induction,24_hour_pulse,NCBI_reprocessed_withdrawal_RNA
GSM6922831,SDS,2,3.0,2.0,SDS_D2_2,GSE222400_NCBI,LMNB1,9.072850405982903,log2_size_factor_normalized_count_plus_1,start_of_24_hour_induction,24_hour_pulse,NCBI_reprocessed_withdrawal_RNA
GSM6922831,SDS,2,3.0,2.0,SDS_D2_2,GSE222400_NCBI,MKI67,11.617573435654482,log2_size_factor_normalized_count_plus_1,start_of_24_hour_induction,24_hour_pulse,NCBI_reprocessed_withdrawal_RNA
GSM6922831,SDS,2,3.0,2.0,SDS_D2_2,GSE222400_NCBI,IL6,5.090769723518243,log2_size_factor_normalized_count_plus_1,start_of_24_hour_induction,24_hour_pulse,NCBI_reprocessed_withdrawal_RNA
GSM6922831,SDS,2,3.0,2.0,SDS_D2_2,GSE222400_NCBI,CXCL8,5.463346671262741,log2_size_factor_normalized_count_plus_1,start_of_24_hour_induction,24_hour_pulse,NCBI_reprocessed_withdrawal_RNA
GSM6922831,SDS,2,3.0,2.0,SDS_D2_2,GSE222400_NCBI,SERPINE1,15.78611495413939,log2_size_factor_normalized_count_plus_1,start_of_24_hour_induction,24_hour_pulse,NCBI_reprocessed_withdrawal_RNA
GSM6922831,SDS,2,3.0,2.0,SDS_D2_2,GSE222400_NCBI,MMP3,11.235044620261439,log2_size_factor_normalized_count_plus_1,start_of_24_hour_induction,24_hour_pulse,NCBI_reprocessed_withdrawal_RNA
GSM6922831,SDS,2,3.0,2.0,SDS_D2_2,GSE222400_NCBI,GDF15,10.095075356744763,log2_size_factor_normalized_count_plus_1,start_of_24_hour_induction,24_hour_pulse,NCBI_reprocessed_withdrawal_RNA
GSM6922832,SDS,1,4.0,3.0,SDS_D3_1,GSE222400_NCBI,CDKN1A,15.336125404490732,log2_size_factor_normalized_count_plus_1,start_of_24_hour_induction,24_hour_pulse,NCBI_reprocessed_withdrawal_RNA
GSM6922832,SDS,1,4.0,3.0,SDS_D3_1,GSE222400_NCBI,CDKN2A,10.135088707224657,log2_size_factor_normalized_count_plus_1,start_of_24_hour_induction,24_hour_pulse,NCBI_reprocessed_withdrawal_RNA
GSM6922832,SDS,1,4.0,3.0,SDS_D3_1,GSE222400_NCBI,LMNB1,9.079317614192862,log2_size_factor_normalized_count_plus_1,start_of_24_hour_induction,24_hour_pulse,NCBI_reprocessed_withdrawal_RNA
GSM6922832,SDS,1,4.0,3.0,SDS_D3_1,GSE222400_NCBI,MKI67,10.975551303028329,log2_size_factor_normalized_count_plus_1,start_of_24_hour_induction,24_hour_pulse,NCBI_reprocessed_withdrawal_RNA
GSM6922832,SDS,1,4.0,3.0,SDS_D3_1,GSE222400_NCBI,IL6,5.8538835739007045,log2_size_factor_normalized_count_plus_1,start_of_24_hour_induction,24_hour_pulse,NCBI_reprocessed_withdrawal_RNA
GSM6922832,SDS,1,4.0,3.0,SDS_D3_1,GSE222400_NCBI,CXCL8,3.827204933331751,log2_size_factor_normalized_count_plus_1,start_of_24_hour_induction,24_hour_pulse,NCBI_reprocessed_withdrawal_RNA
GSM6922832,SDS,1,4.0,3.0,SDS_D3_1,GSE222400_NCBI,SERPINE1,15.612156950458148,log2_size_factor_normalized_count_plus_1,start_of_24_hour_induction,24_hour_pulse,NCBI_reprocessed_withdrawal_RNA
GSM6922832,SDS,1,4.0,3.0,SDS_D3_1,GSE222400_NCBI,MMP3,10.060264511540181,log2_size_factor_normalized_count_plus_1,start_of_24_hour_induction,24_hour_pulse,NCBI_reprocessed_withdrawal_RNA
GSM6922832,SDS,1,4.0,3.0,SDS_D3_1,GSE222400_NCBI,GDF15,10.595945302544255,log2_size_factor_normalized_count_plus_1,start_of_24_hour_induction,24_hour_pulse,NCBI_reprocessed_withdrawal_RNA
GSM6922833,SDS,2,4.0,3.0,SDS_D3_2,GSE222400_NCBI,CDKN1A,15.412423719757566,log2_size_factor_normalized_count_plus_1,start_of_24_hour_induction,24_hour_pulse,NCBI_reprocessed_withdrawal_RNA
GSM6922833,SDS,2,4.0,3.0,SDS_D3_2,GSE222400_NCBI,CDKN2A,10.236946471568565,log2_size_factor_normalized_count_plus_1,start_of_24_hour_induction,24_hour_pulse,NCBI_reprocessed_withdrawal_RNA
GSM6922833,SDS,2,4.0,3.0,SDS_D3_2,GSE222400_NCBI,LMNB1,8.730260531367064,log2_size_factor_normalized_count_plus_1,start_of_24_hour_induction,24_hour_pulse,NCBI_reprocessed_withdrawal_RNA
GSM6922833,SDS,2,4.0,3.0,SDS_D3_2,GSE222400_NCBI,MKI67,10.701400950884318,log2_size_factor_normalized_count_plus_1,start_of_24_hour_induction,24_hour_pulse,NCBI_reprocessed_withdrawal_RNA
GSM6922833,SDS,2,4.0,3.0,SDS_D3_2,GSE222400_NCBI,IL6,6.314856633013252,log2_size_factor_normalized_count_plus_1,start_of_24_hour_induction,24_hour_pulse,NCBI_reprocessed_withdrawal_RNA
GSM6922833,SDS,2,4.0,3.0,SDS_D3_2,GSE222400_NCBI,CXCL8,4.39130696710704,log2_size_factor_normalized_count_plus_1,start_of_24_hour_induction,24_hour_pulse,NCBI_reprocessed_withdrawal_RNA
GSM6922833,SDS,2,4.0,3.0,SDS_D3_2,GSE222400_NCBI,SERPINE1,15.76131240900154,log2_size_factor_normalized_count_plus_1,start_of_24_hour_induction,24_hour_pulse,NCBI_reprocessed_withdrawal_RNA
GSM6922833,SDS,2,4.0,3.0,SDS_D3_2,GSE222400_NCBI,MMP3,10.486444849782089,log2_size_factor_normalized_count_plus_1,start_of_24_hour_induction,24_hour_pulse,NCBI_reprocessed_withdrawal_RNA
GSM6922833,SDS,2,4.0,3.0,SDS_D3_2,GSE222400_NCBI,GDF15,10.57227130244575,log2_size_factor_normalized_count_plus_1,start_of_24_hour_induction,24_hour_pulse,NCBI_reprocessed_withdrawal_RNA
GSM6922834,SDS,1,5.0,4.0,SDS_D4_1,GSE222400_NCBI,CDKN1A,15.691970140512124,log2_size_factor_normalized_count_plus_1,start_of_24_hour_induction,24_hour_pulse,NCBI_reprocessed_withdrawal_RNA
GSM6922834,SDS,1,5.0,4.0,SDS_D4_1,GSE222400_NCBI,CDKN2A,10.206279568835503,log2_size_factor_normalized_count_plus_1,start_of_24_hour_induction,24_hour_pulse,NCBI_reprocessed_withdrawal_RNA
GSM6922834,SDS,1,5.0,4.0,SDS_D4_1,GSE222400_NCBI,LMNB1,8.24690986426567,log2_size_factor_normalized_count_plus_1,start_of_24_hour_induction,24_hour_pulse,NCBI_reprocessed_withdrawal_RNA
GSM6922834,SDS,1,5.0,4.0,SDS_D4_1,GSE222400_NCBI,MKI67,10.259881267941719,log2_size_factor_normalized_count_plus_1,start_of_24_hour_induction,24_hour_pulse,NCBI_reprocessed_withdrawal_RNA
GSM6922834,SDS,1,5.0,4.0,SDS_D4_1,GSE222400_NCBI,IL6,6.422569060523808,log2_size_factor_normalized_count_plus_1,start_of_24_hour_induction,24_hour_pulse,NCBI_reprocessed_withdrawal_RNA
GSM6922834,SDS,1,5.0,4.0,SDS_D4_1,GSE222400_NCBI,CXCL8,5.654703343333658,log2_size_factor_normalized_count_plus_1,start_of_24_hour_induction,24_hour_pulse,NCBI_reprocessed_withdrawal_RNA
GSM6922834,SDS,1,5.0,4.0,SDS_D4_1,GSE222400_NCBI,SERPINE1,15.558857763312709,log2_size_factor_normalized_count_plus_1,start_of_24_hour_induction,24_hour_pulse,NCBI_reprocessed_withdrawal_RNA
GSM6922834,SDS,1,5.0,4.0,SDS_D4_1,GSE222400_NCBI,MMP3,9.637761467172984,log2_size_factor_normalized_count_plus_1,start_of_24_hour_induction,24_hour_pulse,NCBI_reprocessed_withdrawal_RNA
GSM6922834,SDS,1,5.0,4.0,SDS_D4_1,GSE222400_NCBI,GDF15,11.00838824793835,log2_size_factor_normalized_count_plus_1,start_of_24_hour_induction,24_hour_pulse,NCBI_reprocessed_withdrawal_RNA
GSM6922835,SDS,2,5.0,4.0,SDS_D4_2,GSE222400_NCBI,CDKN1A,15.714712770628607,log2_size_factor_normalized_count_plus_1,start_of_24_hour_induction,24_hour_pulse,NCBI_reprocessed_withdrawal_RNA
GSM6922835,SDS,2,5.0,4.0,SDS_D4_2,GSE222400_NCBI,CDKN2A,10.172543517351489,log2_size_factor_normalized_count_plus_1,start_of_24_hour_induction,24_hour_pulse,NCBI_reprocessed_withdrawal_RNA
GSM6922835,SDS,2,5.0,4.0,SDS_D4_2,GSE222400_NCBI,LMNB1,8.521909645889382,log2_size_factor_normalized_count_plus_1,start_of_24_hour_induction,24_hour_pulse,NCBI_reprocessed_withdrawal_RNA
GSM6922835,SDS,2,5.0,4.0,SDS_D4_2,GSE222400_NCBI,MKI67,10.268120222388948,log2_size_factor_normalized_count_plus_1,start_of_24_hour_induction,24_hour_pulse,NCBI_reprocessed_withdrawal_RNA
GSM6922835,SDS,2,5.0,4.0,SDS_D4_2,GSE222400_NCBI,IL6,6.2497165586967665,log2_size_factor_normalized_count_plus_1,start_of_24_hour_induction,24_hour_pulse,NCBI_reprocessed_withdrawal_RNA
GSM6922835,SDS,2,5.0,4.0,SDS_D4_2,GSE222400_NCBI,CXCL8,4.153595407416074,log2_size_factor_normalized_count_plus_1,start_of_24_hour_induction,24_hour_pulse,NCBI_reprocessed_withdrawal_RNA
GSM6922835,SDS,2,5.0,4.0,SDS_D4_2,GSE222400_NCBI,SERPINE1,15.720136590581674,log2_size_factor_normalized_count_plus_1,start_of_24_hour_induction,24_hour_pulse,NCBI_reprocessed_withdrawal_RNA
GSM6922835,SDS,2,5.0,4.0,SDS_D4_2,GSE222400_NCBI,MMP3,9.612082650910263,log2_size_factor_normalized_count_plus_1,start_of_24_hour_induction,24_hour_pulse,NCBI_reprocessed_withdrawal_RNA
GSM6922835,SDS,2,5.0,4.0,SDS_D4_2,GSE222400_NCBI,GDF15,10.90826744713854,log2_size_factor_normalized_count_plus_1,start_of_24_hour_induction,24_hour_pulse,NCBI_reprocessed_withdrawal_RNA
GSM6922836,SDS,1,7.0,6.0,SDS_D6_1,GSE222400_NCBI,CDKN1A,15.684829919613657,log2_size_factor_normalized_count_plus_1,start_of_24_hour_induction,24_hour_pulse,NCBI_reprocessed_withdrawal_RNA
GSM6922836,SDS,1,7.0,6.0,SDS_D6_1,GSE222400_NCBI,CDKN2A,10.031647759554131,log2_size_factor_normalized_count_plus_1,start_of_24_hour_induction,24_hour_pulse,NCBI_reprocessed_withdrawal_RNA
GSM6922836,SDS,1,7.0,6.0,SDS_D6_1,GSE222400_NCBI,LMNB1,7.9070090633740024,log2_size_factor_normalized_count_plus_1,start_of_24_hour_induction,24_hour_pulse,NCBI_reprocessed_withdrawal_RNA
GSM6922836,SDS,1,7.0,6.0,SDS_D6_1,GSE222400_NCBI,MKI67,9.64233171507164,log2_size_factor_normalized_count_plus_1,start_of_24_hour_induction,24_hour_pulse,NCBI_reprocessed_withdrawal_RNA
GSM6922836,SDS,1,7.0,6.0,SDS_D6_1,GSE222400_NCBI,IL6,6.5244261704994875,log2_size_factor_normalized_count_plus_1,start_of_24_hour_induction,24_hour_pulse,NCBI_reprocessed_withdrawal_RNA
GSM6922836,SDS,1,7.0,6.0,SDS_D6_1,GSE222400_NCBI,CXCL8,6.5244261704994875,log2_size_factor_normalized_count_plus_1,start_of_24_hour_induction,24_hour_pulse,NCBI_reprocessed_withdrawal_RNA
GSM6922836,SDS,1,7.0,6.0,SDS_D6_1,GSE222400_NCBI,SERPINE1,15.784854665966389,log2_size_factor_normalized_count_plus_1,start_of_24_hour_induction,24_hour_pulse,NCBI_reprocessed_withdrawal_RNA
GSM6922836,SDS,1,7.0,6.0,SDS_D6_1,GSE222400_NCBI,MMP3,9.295600747810076,log2_size_factor_normalized_count_plus_1,start_of_24_hour_induction,24_hour_pulse,NCBI_reprocessed_withdrawal_RNA
GSM6922836,SDS,1,7.0,6.0,SDS_D6_1,GSE222400_NCBI,GDF15,11.222658684998347,log2_size_factor_normalized_count_plus_1,start_of_24_hour_induction,24_hour_pulse,NCBI_reprocessed_withdrawal_RNA
GSM6922837,SDS,2,7.0,6.0,SDS_D6_2,GSE222400_NCBI,CDKN1A,15.679965724980104,log2_size_factor_normalized_count_plus_1,start_of_24_hour_induction,24_hour_pulse,NCBI_reprocessed_withdrawal_RNA
GSM6922837,SDS,2,7.0,6.0,SDS_D6_2,GSE222400_NCBI,CDKN2A,10.060807928094736,log2_size_factor_normalized_count_plus_1,start_of_24_hour_induction,24_hour_pulse,NCBI_reprocessed_withdrawal_RNA
GSM6922837,SDS,2,7.0,6.0,SDS_D6_2,GSE222400_NCBI,LMNB1,8.205364971782858,log2_size_factor_normalized_count_plus_1,start_of_24_hour_induction,24_hour_pulse,NCBI_reprocessed_withdrawal_RNA
GSM6922837,SDS,2,7.0,6.0,SDS_D6_2,GSE222400_NCBI,MKI67,10.111387423406212,log2_size_factor_normalized_count_plus_1,start_of_24_hour_induction,24_hour_pulse,NCBI_reprocessed_withdrawal_RNA
GSM6922837,SDS,2,7.0,6.0,SDS_D6_2,GSE222400_NCBI,IL6,6.130818947580398,log2_size_factor_normalized_count_plus_1,start_of_24_hour_induction,24_hour_pulse,NCBI_reprocessed_withdrawal_RNA
GSM6922837,SDS,2,7.0,6.0,SDS_D6_2,GSE222400_NCBI,CXCL8,4.943617510772385,log2_size_factor_normalized_count_plus_1,start_of_24_hour_induction,24_hour_pulse,NCBI_reprocessed_withdrawal_RNA
GSM6922837,SDS,2,7.0,6.0,SDS_D6_2,GSE222400_NCBI,SERPINE1,15.36750460508902,log2_size_factor_normalized_count_plus_1,start_of_24_hour_induction,24_hour_pulse,NCBI_reprocessed_withdrawal_RNA
GSM6922837,SDS,2,7.0,6.0,SDS_D6_2,GSE222400_NCBI,MMP3,8.80223148314968,log2_size_factor_normalized_count_plus_1,start_of_24_hour_induction,24_hour_pulse,NCBI_reprocessed_withdrawal_RNA
GSM6922837,SDS,2,7.0,6.0,SDS_D6_2,GSE222400_NCBI,GDF15,10.855579324551078,log2_size_factor_normalized_count_plus_1,start_of_24_hour_induction,24_hour_pulse,NCBI_reprocessed_withdrawal_RNA
GSM6922838,SDS,1,9.0,8.0,SDS_D8_1,GSE222400_NCBI,CDKN1A,15.473340607058974,log2_size_factor_normalized_count_plus_1,start_of_24_hour_induction,24_hour_pulse,NCBI_reprocessed_withdrawal_RNA
GSM6922838,SDS,1,9.0,8.0,SDS_D8_1,GSE222400_NCBI,CDKN2A,10.009004789702978,log2_size_factor_normalized_count_plus_1,start_of_24_hour_induction,24_hour_pulse,NCBI_reprocessed_withdrawal_RNA
GSM6922838,SDS,1,9.0,8.0,SDS_D8_1,GSE222400_NCBI,LMNB1,9.041024980692187,log2_size_factor_normalized_count_plus_1,start_of_24_hour_induction,24_hour_pulse,NCBI_reprocessed_withdrawal_RNA
GSM6922838,SDS,1,9.0,8.0,SDS_D8_1,GSE222400_NCBI,MKI67,10.6225629406471,log2_size_factor_normalized_count_plus_1,start_of_24_hour_induction,24_hour_pulse,NCBI_reprocessed_withdrawal_RNA
GSM6922838,SDS,1,9.0,8.0,SDS_D8_1,GSE222400_NCBI,IL6,7.018772457946485,log2_size_factor_normalized_count_plus_1,start_of_24_hour_induction,24_hour_pulse,NCBI_reprocessed_withdrawal_RNA
GSM6922838,SDS,1,9.0,8.0,SDS_D8_1,GSE222400_NCBI,CXCL8,5.095419736699878,log2_size_factor_normalized_count_plus_1,start_of_24_hour_induction,24_hour_pulse,NCBI_reprocessed_withdrawal_RNA
GSM6922838,SDS,1,9.0,8.0,SDS_D8_1,GSE222400_NCBI,SERPINE1,15.235175672477483,log2_size_factor_normalized_count_plus_1,start_of_24_hour_induction,24_hour_pulse,NCBI_reprocessed_withdrawal_RNA
GSM6922838,SDS,1,9.0,8.0,SDS_D8_1,GSE222400_NCBI,MMP3,8.019687186213767,log2_size_factor_normalized_count_plus_1,start_of_24_hour_induction,24_hour_pulse,NCBI_reprocessed_withdrawal_RNA
GSM6922838,SDS,1,9.0,8.0,SDS_D8_1,GSE222400_NCBI,GDF15,10.620963628844608,log2_size_factor_normalized_count_plus_1,start_of_24_hour_induction,24_hour_pulse,NCBI_reprocessed_withdrawal_RNA
GSM6922839,SDS,2,9.0,8.0,SDS_D8_2,GSE222400_NCBI,CDKN1A,15.539015003474503,log2_size_factor_normalized_count_plus_1,start_of_24_hour_induction,24_hour_pulse,NCBI_reprocessed_withdrawal_RNA
GSM6922839,SDS,2,9.0,8.0,SDS_D8_2,GSE222400_NCBI,CDKN2A,9.885128087670745,log2_size_factor_normalized_count_plus_1,start_of_24_hour_induction,24_hour_pulse,NCBI_reprocessed_withdrawal_RNA
GSM6922839,SDS,2,9.0,8.0,SDS_D8_2,GSE222400_NCBI,LMNB1,8.588852540041179,log2_size_factor_normalized_count_plus_1,start_of_24_hour_induction,24_hour_pulse,NCBI_reprocessed_withdrawal_RNA
GSM6922839,SDS,2,9.0,8.0,SDS_D8_2,GSE222400_NCBI,MKI67,10.611218689212313,log2_size_factor_normalized_count_plus_1,start_of_24_hour_induction,24_hour_pulse,NCBI_reprocessed_withdrawal_RNA
GSM6922839,SDS,2,9.0,8.0,SDS_D8_2,GSE222400_NCBI,IL6,5.9136278264883195,log2_size_factor_normalized_count_plus_1,start_of_24_hour_induction,24_hour_pulse,NCBI_reprocessed_withdrawal_RNA
GSM6922839,SDS,2,9.0,8.0,SDS_D8_2,GSE222400_NCBI,CXCL8,3.4994903934350488,log2_size_factor_normalized_count_plus_1,start_of_24_hour_induction,24_hour_pulse,NCBI_reprocessed_withdrawal_RNA
GSM6922839,SDS,2,9.0,8.0,SDS_D8_2,GSE222400_NCBI,SERPINE1,15.642193930101975,log2_size_factor_normalized_count_plus_1,start_of_24_hour_induction,24_hour_pulse,NCBI_reprocessed_withdrawal_RNA
GSM6922839,SDS,2,9.0,8.0,SDS_D8_2,GSE222400_NCBI,MMP3,8.534734548579236,log2_size_factor_normalized_count_plus_1,start_of_24_hour_induction,24_hour_pulse,NCBI_reprocessed_withdrawal_RNA
GSM6922839,SDS,2,9.0,8.0,SDS_D8_2,GSE222400_NCBI,GDF15,10.668315237654669,log2_size_factor_normalized_count_plus_1,start_of_24_hour_induction,24_hour_pulse,NCBI_reprocessed_withdrawal_RNA
GSM6922840,SDS,1,17.0,16.0,SDS_D16_1,GSE222400_NCBI,CDKN1A,15.448933334136614,log2_size_factor_normalized_count_plus_1,start_of_24_hour_induction,24_hour_pulse,NCBI_reprocessed_withdrawal_RNA
GSM6922840,SDS,1,17.0,16.0,SDS_D16_1,GSE222400_NCBI,CDKN2A,10.444067042779746,log2_size_factor_normalized_count_plus_1,start_of_24_hour_induction,24_hour_pulse,NCBI_reprocessed_withdrawal_RNA
GSM6922840,SDS,1,17.0,16.0,SDS_D16_1,GSE222400_NCBI,LMNB1,7.296956403481917,log2_size_factor_normalized_count_plus_1,start_of_24_hour_induction,24_hour_pulse,NCBI_reprocessed_withdrawal_RNA
GSM6922840,SDS,1,17.0,16.0,SDS_D16_1,GSE222400_NCBI,MKI67,8.417509307944357,log2_size_factor_normalized_count_plus_1,start_of_24_hour_induction,24_hour_pulse,NCBI_reprocessed_withdrawal_RNA
GSM6922840,SDS,1,17.0,16.0,SDS_D16_1,GSE222400_NCBI,IL6,7.878857566604092,log2_size_factor_normalized_count_plus_1,start_of_24_hour_induction,24_hour_pulse,NCBI_reprocessed_withdrawal_RNA
GSM6922840,SDS,1,17.0,16.0,SDS_D16_1,GSE222400_NCBI,CXCL8,6.26861990279616,log2_size_factor_normalized_count_plus_1,start_of_24_hour_induction,24_hour_pulse,NCBI_reprocessed_withdrawal_RNA
GSM6922840,SDS,1,17.0,16.0,SDS_D16_1,GSE222400_NCBI,SERPINE1,14.822421327922438,log2_size_factor_normalized_count_plus_1,start_of_24_hour_induction,24_hour_pulse,NCBI_reprocessed_withdrawal_RNA
GSM6922840,SDS,1,17.0,16.0,SDS_D16_1,GSE222400_NCBI,MMP3,8.190819019151586,log2_size_factor_normalized_count_plus_1,start_of_24_hour_induction,24_hour_pulse,NCBI_reprocessed_withdrawal_RNA
GSM6922840,SDS,1,17.0,16.0,SDS_D16_1,GSE222400_NCBI,GDF15,10.683621827531043,log2_size_factor_normalized_count_plus_1,start_of_24_hour_induction,24_hour_pulse,NCBI_reprocessed_withdrawal_RNA
GSM6922841,SDS,2,17.0,16.0,SDS_D16_2,GSE222400_NCBI,CDKN1A,15.308976136566121,log2_size_factor_normalized_count_plus_1,start_of_24_hour_induction,24_hour_pulse,NCBI_reprocessed_withdrawal_RNA
GSM6922841,SDS,2,17.0,16.0,SDS_D16_2,GSE222400_NCBI,CDKN2A,10.297268187822887,log2_size_factor_normalized_count_plus_1,start_of_24_hour_induction,24_hour_pulse,NCBI_reprocessed_withdrawal_RNA
GSM6922841,SDS,2,17.0,16.0,SDS_D16_2,GSE222400_NCBI,LMNB1,8.014995854672367,log2_size_factor_normalized_count_plus_1,start_of_24_hour_induction,24_hour_pulse,NCBI_reprocessed_withdrawal_RNA
GSM6922841,SDS,2,17.0,16.0,SDS_D16_2,GSE222400_NCBI,MKI67,9.74805207954514,log2_size_factor_normalized_count_plus_1,start_of_24_hour_induction,24_hour_pulse,NCBI_reprocessed_withdrawal_RNA
GSM6922841,SDS,2,17.0,16.0,SDS_D16_2,GSE222400_NCBI,IL6,6.882139078623997,log2_size_factor_normalized_count_plus_1,start_of_24_hour_induction,24_hour_pulse,NCBI_reprocessed_withdrawal_RNA
GSM6922841,SDS,2,17.0,16.0,SDS_D16_2,GSE222400_NCBI,CXCL8,5.1213635663679105,log2_size_factor_normalized_count_plus_1,start_of_24_hour_induction,24_hour_pulse,NCBI_reprocessed_withdrawal_RNA
GSM6922841,SDS,2,17.0,16.0,SDS_D16_2,GSE222400_NCBI,SERPINE1,15.106995221207304,log2_size_factor_normalized_count_plus_1,start_of_24_hour_induction,24_hour_pulse,NCBI_reprocessed_withdrawal_RNA
GSM6922841,SDS,2,17.0,16.0,SDS_D16_2,GSE222400_NCBI,MMP3,10.092765309018757,log2_size_factor_normalized_count_plus_1,start_of_24_hour_induction,24_hour_pulse,NCBI_reprocessed_withdrawal_RNA
GSM6922841,SDS,2,17.0,16.0,SDS_D16_2,GSE222400_NCBI,GDF15,10.493824236162013,log2_size_factor_normalized_count_plus_1,start_of_24_hour_induction,24_hour_pulse,NCBI_reprocessed_withdrawal_RNA
GSM6922842,KCl,1,1.0,0.0,KCl_D0_1,GSE222400_NCBI,CDKN1A,15.028014745119696,log2_size_factor_normalized_count_plus_1,start_of_24_hour_induction,24_hour_pulse,NCBI_reprocessed_withdrawal_RNA
GSM6922842,KCl,1,1.0,0.0,KCl_D0_1,GSE222400_NCBI,CDKN2A,9.403775932202972,log2_size_factor_normalized_count_plus_1,start_of_24_hour_induction,24_hour_pulse,NCBI_reprocessed_withdrawal_RNA
GSM6922842,KCl,1,1.0,0.0,KCl_D0_1,GSE222400_NCBI,LMNB1,7.206199525179267,log2_size_factor_normalized_count_plus_1,start_of_24_hour_induction,24_hour_pulse,NCBI_reprocessed_withdrawal_RNA
GSM6922842,KCl,1,1.0,0.0,KCl_D0_1,GSE222400_NCBI,MKI67,10.090484819216226,log2_size_factor_normalized_count_plus_1,start_of_24_hour_induction,24_hour_pulse,NCBI_reprocessed_withdrawal_RNA
GSM6922842,KCl,1,1.0,0.0,KCl_D0_1,GSE222400_NCBI,IL6,5.885147962613532,log2_size_factor_normalized_count_plus_1,start_of_24_hour_induction,24_hour_pulse,NCBI_reprocessed_withdrawal_RNA
GSM6922842,KCl,1,1.0,0.0,KCl_D0_1,GSE222400_NCBI,CXCL8,7.20067772115768,log2_size_factor_normalized_count_plus_1,start_of_24_hour_induction,24_hour_pulse,NCBI_reprocessed_withdrawal_RNA
GSM6922842,KCl,1,1.0,0.0,KCl_D0_1,GSE222400_NCBI,SERPINE1,14.576699976532518,log2_size_factor_normalized_count_plus_1,start_of_24_hour_induction,24_hour_pulse,NCBI_reprocessed_withdrawal_RNA
GSM6922842,KCl,1,1.0,0.0,KCl_D0_1,GSE222400_NCBI,MMP3,10.163971284665287,log2_size_factor_normalized_count_plus_1,start_of_24_hour_induction,24_hour_pulse,NCBI_reprocessed_withdrawal_RNA
GSM6922842,KCl,1,1.0,0.0,KCl_D0_1,GSE222400_NCBI,GDF15,12.651631584324964,log2_size_factor_normalized_count_plus_1,start_of_24_hour_induction,24_hour_pulse,NCBI_reprocessed_withdrawal_RNA
GSM6922843,KCl,2,1.0,0.0,KCl_D0_2,GSE222400_NCBI,CDKN1A,15.037953859506368,log2_size_factor_normalized_count_plus_1,start_of_24_hour_induction,24_hour_pulse,NCBI_reprocessed_withdrawal_RNA
GSM6922843,KCl,2,1.0,0.0,KCl_D0_2,GSE222400_NCBI,CDKN2A,9.494772058185141,log2_size_factor_normalized_count_plus_1,start_of_24_hour_induction,24_hour_pulse,NCBI_reprocessed_withdrawal_RNA
GSM6922843,KCl,2,1.0,0.0,KCl_D0_2,GSE222400_NCBI,LMNB1,7.6985129171593085,log2_size_factor_normalized_count_plus_1,start_of_24_hour_induction,24_hour_pulse,NCBI_reprocessed_withdrawal_RNA
GSM6922843,KCl,2,1.0,0.0,KCl_D0_2,GSE222400_NCBI,MKI67,10.406179564681986,log2_size_factor_normalized_count_plus_1,start_of_24_hour_induction,24_hour_pulse,NCBI_reprocessed_withdrawal_RNA
GSM6922843,KCl,2,1.0,0.0,KCl_D0_2,GSE222400_NCBI,IL6,6.442342512871985,log2_size_factor_normalized_count_plus_1,start_of_24_hour_induction,24_hour_pulse,NCBI_reprocessed_withdrawal_RNA
GSM6922843,KCl,2,1.0,0.0,KCl_D0_2,GSE222400_NCBI,CXCL8,7.77465233239357,log2_size_factor_normalized_count_plus_1,start_of_24_hour_induction,24_hour_pulse,NCBI_reprocessed_withdrawal_RNA
GSM6922843,KCl,2,1.0,0.0,KCl_D0_2,GSE222400_NCBI,SERPINE1,14.578302413361428,log2_size_factor_normalized_count_plus_1,start_of_24_hour_induction,24_hour_pulse,NCBI_reprocessed_withdrawal_RNA
GSM6922843,KCl,2,1.0,0.0,KCl_D0_2,GSE222400_NCBI,MMP3,10.33022936793755,log2_size_factor_normalized_count_plus_1,start_of_24_hour_induction,24_hour_pulse,NCBI_reprocessed_withdrawal_RNA
GSM6922843,KCl,2,1.0,0.0,KCl_D0_2,GSE222400_NCBI,GDF15,12.61264991172455,log2_size_factor_normalized_count_plus_1,start_of_24_hour_induction,24_hour_pulse,NCBI_reprocessed_withdrawal_RNA
GSM6922844,KCl,1,2.0,1.0,KCl_D1_1,GSE222400_NCBI,CDKN1A,15.036656714104927,log2_size_factor_normalized_count_plus_1,start_of_24_hour_induction,24_hour_pulse,NCBI_reprocessed_withdrawal_RNA
GSM6922844,KCl,1,2.0,1.0,KCl_D1_1,GSE222400_NCBI,CDKN2A,9.964714231036146,log2_size_factor_normalized_count_plus_1,start_of_24_hour_induction,24_hour_pulse,NCBI_reprocessed_withdrawal_RNA
GSM6922844,KCl,1,2.0,1.0,KCl_D1_1,GSE222400_NCBI,LMNB1,9.070125491871018,log2_size_factor_normalized_count_plus_1,start_of_24_hour_induction,24_hour_pulse,NCBI_reprocessed_withdrawal_RNA
GSM6922844,KCl,1,2.0,1.0,KCl_D1_1,GSE222400_NCBI,MKI67,11.152642594879492,log2_size_factor_normalized_count_plus_1,start_of_24_hour_induction,24_hour_pulse,NCBI_reprocessed_withdrawal_RNA
GSM6922844,KCl,1,2.0,1.0,KCl_D1_1,GSE222400_NCBI,IL6,5.906057354562079,log2_size_factor_normalized_count_plus_1,start_of_24_hour_induction,24_hour_pulse,NCBI_reprocessed_withdrawal_RNA
GSM6922844,KCl,1,2.0,1.0,KCl_D1_1,GSE222400_NCBI,CXCL8,7.311018187378759,log2_size_factor_normalized_count_plus_1,start_of_24_hour_induction,24_hour_pulse,NCBI_reprocessed_withdrawal_RNA
GSM6922844,KCl,1,2.0,1.0,KCl_D1_1,GSE222400_NCBI,SERPINE1,15.98658274574591,log2_size_factor_normalized_count_plus_1,start_of_24_hour_induction,24_hour_pulse,NCBI_reprocessed_withdrawal_RNA
GSM6922844,KCl,1,2.0,1.0,KCl_D1_1,GSE222400_NCBI,MMP3,11.289609954155804,log2_size_factor_normalized_count_plus_1,start_of_24_hour_induction,24_hour_pulse,NCBI_reprocessed_withdrawal_RNA
GSM6922844,KCl,1,2.0,1.0,KCl_D1_1,GSE222400_NCBI,GDF15,11.352820106758479,log2_size_factor_normalized_count_plus_1,start_of_24_hour_induction,24_hour_pulse,NCBI_reprocessed_withdrawal_RNA
GSM6922845,KCl,2,2.0,1.0,KCl_D1_2,GSE222400_NCBI,CDKN1A,15.123056657558282,log2_size_factor_normalized_count_plus_1,start_of_24_hour_induction,24_hour_pulse,NCBI_reprocessed_withdrawal_RNA
GSM6922845,KCl,2,2.0,1.0,KCl_D1_2,GSE222400_NCBI,CDKN2A,10.050464475772227,log2_size_factor_normalized_count_plus_1,start_of_24_hour_induction,24_hour_pulse,NCBI_reprocessed_withdrawal_RNA
GSM6922845,KCl,2,2.0,1.0,KCl_D1_2,GSE222400_NCBI,LMNB1,8.976737368468564,log2_size_factor_normalized_count_plus_1,start_of_24_hour_induction,24_hour_pulse,NCBI_reprocessed_withdrawal_RNA
GSM6922845,KCl,2,2.0,1.0,KCl_D1_2,GSE222400_NCBI,MKI67,10.998207674421273,log2_size_factor_normalized_count_plus_1,start_of_24_hour_induction,24_hour_pulse,NCBI_reprocessed_withdrawal_RNA
GSM6922845,KCl,2,2.0,1.0,KCl_D1_2,GSE222400_NCBI,IL6,6.0753303295974455,log2_size_factor_normalized_count_plus_1,start_of_24_hour_induction,24_hour_pulse,NCBI_reprocessed_withdrawal_RNA
GSM6922845,KCl,2,2.0,1.0,KCl_D1_2,GSE222400_NCBI,CXCL8,7.561005983206848,log2_size_factor_normalized_count_plus_1,start_of_24_hour_induction,24_hour_pulse,NCBI_reprocessed_withdrawal_RNA
GSM6922845,KCl,2,2.0,1.0,KCl_D1_2,GSE222400_NCBI,SERPINE1,15.927533752483665,log2_size_factor_normalized_count_plus_1,start_of_24_hour_induction,24_hour_pulse,NCBI_reprocessed_withdrawal_RNA
GSM6922845,KCl,2,2.0,1.0,KCl_D1_2,GSE222400_NCBI,MMP3,11.463091480281758,log2_size_factor_normalized_count_plus_1,start_of_24_hour_induction,24_hour_pulse,NCBI_reprocessed_withdrawal_RNA
GSM6922845,KCl,2,2.0,1.0,KCl_D1_2,GSE222400_NCBI,GDF15,11.477070780229978,log2_size_factor_normalized_count_plus_1,start_of_24_hour_induction,24_hour_pulse,NCBI_reprocessed_withdrawal_RNA
GSM6922846,KCl,1,3.0,2.0,KCl_D2_1,GSE222400_NCBI,CDKN1A,15.070519586479957,log2_size_factor_normalized_count_plus_1,start_of_24_hour_induction,24_hour_pulse,NCBI_reprocessed_withdrawal_RNA
GSM6922846,KCl,1,3.0,2.0,KCl_D2_1,GSE222400_NCBI,CDKN2A,10.106897665923022,log2_size_factor_normalized_count_plus_1,start_of_24_hour_induction,24_hour_pulse,NCBI_reprocessed_withdrawal_RNA
GSM6922846,KCl,1,3.0,2.0,KCl_D2_1,GSE222400_NCBI,LMNB1,9.616320774841565,log2_size_factor_normalized_count_plus_1,start_of_24_hour_induction,24_hour_pulse,NCBI_reprocessed_withdrawal_RNA
GSM6922846,KCl,1,3.0,2.0,KCl_D2_1,GSE222400_NCBI,MKI67,11.582613874332921,log2_size_factor_normalized_count_plus_1,start_of_24_hour_induction,24_hour_pulse,NCBI_reprocessed_withdrawal_RNA
GSM6922846,KCl,1,3.0,2.0,KCl_D2_1,GSE222400_NCBI,IL6,5.912803975747783,log2_size_factor_normalized_count_plus_1,start_of_24_hour_induction,24_hour_pulse,NCBI_reprocessed_withdrawal_RNA
GSM6922846,KCl,1,3.0,2.0,KCl_D2_1,GSE222400_NCBI,CXCL8,5.0892134315236195,log2_size_factor_normalized_count_plus_1,start_of_24_hour_induction,24_hour_pulse,NCBI_reprocessed_withdrawal_RNA
GSM6922846,KCl,1,3.0,2.0,KCl_D2_1,GSE222400_NCBI,SERPINE1,15.449793001815998,log2_size_factor_normalized_count_plus_1,start_of_24_hour_induction,24_hour_pulse,NCBI_reprocessed_withdrawal_RNA
GSM6922846,KCl,1,3.0,2.0,KCl_D2_1,GSE222400_NCBI,MMP3,10.416888365781297,log2_size_factor_normalized_count_plus_1,start_of_24_hour_induction,24_hour_pulse,NCBI_reprocessed_withdrawal_RNA
GSM6922846,KCl,1,3.0,2.0,KCl_D2_1,GSE222400_NCBI,GDF15,11.088236452510454,log2_size_factor_normalized_count_plus_1,start_of_24_hour_induction,24_hour_pulse,NCBI_reprocessed_withdrawal_RNA
GSM6922847,KCl,2,3.0,2.0,KCl_D2_2,GSE222400_NCBI,CDKN1A,15.098210707581906,log2_size_factor_normalized_count_plus_1,start_of_24_hour_induction,24_hour_pulse,NCBI_reprocessed_withdrawal_RNA
GSM6922847,KCl,2,3.0,2.0,KCl_D2_2,GSE222400_NCBI,CDKN2A,10.048559969619223,log2_size_factor_normalized_count_plus_1,start_of_24_hour_induction,24_hour_pulse,NCBI_reprocessed_withdrawal_RNA
GSM6922847,KCl,2,3.0,2.0,KCl_D2_2,GSE222400_NCBI,LMNB1,9.252222658024307,log2_size_factor_normalized_count_plus_1,start_of_24_hour_induction,24_hour_pulse,NCBI_reprocessed_withdrawal_RNA
GSM6922847,KCl,2,3.0,2.0,KCl_D2_2,GSE222400_NCBI,MKI67,11.294312608349781,log2_size_factor_normalized_count_plus_1,start_of_24_hour_induction,24_hour_pulse,NCBI_reprocessed_withdrawal_RNA
GSM6922847,KCl,2,3.0,2.0,KCl_D2_2,GSE222400_NCBI,IL6,5.750924370090026,log2_size_factor_normalized_count_plus_1,start_of_24_hour_induction,24_hour_pulse,NCBI_reprocessed_withdrawal_RNA
GSM6922847,KCl,2,3.0,2.0,KCl_D2_2,GSE222400_NCBI,CXCL8,4.976888732794628,log2_size_factor_normalized_count_plus_1,start_of_24_hour_induction,24_hour_pulse,NCBI_reprocessed_withdrawal_RNA
GSM6922847,KCl,2,3.0,2.0,KCl_D2_2,GSE222400_NCBI,SERPINE1,15.506439192504917,log2_size_factor_normalized_count_plus_1,start_of_24_hour_induction,24_hour_pulse,NCBI_reprocessed_withdrawal_RNA
GSM6922847,KCl,2,3.0,2.0,KCl_D2_2,GSE222400_NCBI,MMP3,10.63997675622002,log2_size_factor_normalized_count_plus_1,start_of_24_hour_induction,24_hour_pulse,NCBI_reprocessed_withdrawal_RNA
GSM6922847,KCl,2,3.0,2.0,KCl_D2_2,GSE222400_NCBI,GDF15,11.087500942925853,log2_size_factor_normalized_count_plus_1,start_of_24_hour_induction,24_hour_pulse,NCBI_reprocessed_withdrawal_RNA
GSM6922848,KCl,1,4.0,3.0,KCl_D3_1,GSE222400_NCBI,CDKN1A,15.369517511499296,log2_size_factor_normalized_count_plus_1,start_of_24_hour_induction,24_hour_pulse,NCBI_reprocessed_withdrawal_RNA
GSM6922848,KCl,1,4.0,3.0,KCl_D3_1,GSE222400_NCBI,CDKN2A,9.911877771002926,log2_size_factor_normalized_count_plus_1,start_of_24_hour_induction,24_hour_pulse,NCBI_reprocessed_withdrawal_RNA
GSM6922848,KCl,1,4.0,3.0,KCl_D3_1,GSE222400_NCBI,LMNB1,8.826098770717758,log2_size_factor_normalized_count_plus_1,start_of_24_hour_induction,24_hour_pulse,NCBI_reprocessed_withdrawal_RNA
GSM6922848,KCl,1,4.0,3.0,KCl_D3_1,GSE222400_NCBI,MKI67,10.774420115859105,log2_size_factor_normalized_count_plus_1,start_of_24_hour_induction,24_hour_pulse,NCBI_reprocessed_withdrawal_RNA
GSM6922848,KCl,1,4.0,3.0,KCl_D3_1,GSE222400_NCBI,IL6,5.616558036876621,log2_size_factor_normalized_count_plus_1,start_of_24_hour_induction,24_hour_pulse,NCBI_reprocessed_withdrawal_RNA
GSM6922848,KCl,1,4.0,3.0,KCl_D3_1,GSE222400_NCBI,CXCL8,3.78834640105353,log2_size_factor_normalized_count_plus_1,start_of_24_hour_induction,24_hour_pulse,NCBI_reprocessed_withdrawal_RNA
GSM6922848,KCl,1,4.0,3.0,KCl_D3_1,GSE222400_NCBI,SERPINE1,15.590349477935396,log2_size_factor_normalized_count_plus_1,start_of_24_hour_induction,24_hour_pulse,NCBI_reprocessed_withdrawal_RNA
GSM6922848,KCl,1,4.0,3.0,KCl_D3_1,GSE222400_NCBI,MMP3,10.019713992106187,log2_size_factor_normalized_count_plus_1,start_of_24_hour_induction,24_hour_pulse,NCBI_reprocessed_withdrawal_RNA
GSM6922848,KCl,1,4.0,3.0,KCl_D3_1,GSE222400_NCBI,GDF15,10.968391181268796,log2_size_factor_normalized_count_plus_1,start_of_24_hour_induction,24_hour_pulse,NCBI_reprocessed_withdrawal_RNA
GSM6922849,KCl,2,4.0,3.0,KCl_D3_2,GSE222400_NCBI,CDKN1A,15.38029761850854,log2_size_factor_normalized_count_plus_1,start_of_24_hour_induction,24_hour_pulse,NCBI_reprocessed_withdrawal_RNA
GSM6922849,KCl,2,4.0,3.0,KCl_D3_2,GSE222400_NCBI,CDKN2A,9.80709288926061,log2_size_factor_normalized_count_plus_1,start_of_24_hour_induction,24_hour_pulse,NCBI_reprocessed_withdrawal_RNA
GSM6922849,KCl,2,4.0,3.0,KCl_D3_2,GSE222400_NCBI,LMNB1,8.56318227413803,log2_size_factor_normalized_count_plus_1,start_of_24_hour_induction,24_hour_pulse,NCBI_reprocessed_withdrawal_RNA
GSM6922849,KCl,2,4.0,3.0,KCl_D3_2,GSE222400_NCBI,MKI67,10.57207076545366,log2_size_factor_normalized_count_plus_1,start_of_24_hour_induction,24_hour_pulse,NCBI_reprocessed_withdrawal_RNA
GSM6922849,KCl,2,4.0,3.0,KCl_D3_2,GSE222400_NCBI,IL6,5.622887847569761,log2_size_factor_normalized_count_plus_1,start_of_24_hour_induction,24_hour_pulse,NCBI_reprocessed_withdrawal_RNA
GSM6922849,KCl,2,4.0,3.0,KCl_D3_2,GSE222400_NCBI,CXCL8,4.968756046502719,log2_size_factor_normalized_count_plus_1,start_of_24_hour_induction,24_hour_pulse,NCBI_reprocessed_withdrawal_RNA
GSM6922849,KCl,2,4.0,3.0,KCl_D3_2,GSE222400_NCBI,SERPINE1,15.609143249005964,log2_size_factor_normalized_count_plus_1,start_of_24_hour_induction,24_hour_pulse,NCBI_reprocessed_withdrawal_RNA
GSM6922849,KCl,2,4.0,3.0,KCl_D3_2,GSE222400_NCBI,MMP3,10.106464209163251,log2_size_factor_normalized_count_plus_1,start_of_24_hour_induction,24_hour_pulse,NCBI_reprocessed_withdrawal_RNA
GSM6922849,KCl,2,4.0,3.0,KCl_D3_2,GSE222400_NCBI,GDF15,11.019489829843241,log2_size_factor_normalized_count_plus_1,start_of_24_hour_induction,24_hour_pulse,NCBI_reprocessed_withdrawal_RNA
GSM6922850,KCl,1,5.0,4.0,KCl_D4_1,GSE222400_NCBI,CDKN1A,15.498812474836138,log2_size_factor_normalized_count_plus_1,start_of_24_hour_induction,24_hour_pulse,NCBI_reprocessed_withdrawal_RNA
GSM6922850,KCl,1,5.0,4.0,KCl_D4_1,GSE222400_NCBI,CDKN2A,9.900164291067144,log2_size_factor_normalized_count_plus_1,start_of_24_hour_induction,24_hour_pulse,NCBI_reprocessed_withdrawal_RNA
GSM6922850,KCl,1,5.0,4.0,KCl_D4_1,GSE222400_NCBI,LMNB1,8.715212312841386,log2_size_factor_normalized_count_plus_1,start_of_24_hour_induction,24_hour_pulse,NCBI_reprocessed_withdrawal_RNA
GSM6922850,KCl,1,5.0,4.0,KCl_D4_1,GSE222400_NCBI,MKI67,10.834895475427908,log2_size_factor_normalized_count_plus_1,start_of_24_hour_induction,24_hour_pulse,NCBI_reprocessed_withdrawal_RNA
GSM6922850,KCl,1,5.0,4.0,KCl_D4_1,GSE222400_NCBI,IL6,6.42884408378311,log2_size_factor_normalized_count_plus_1,start_of_24_hour_induction,24_hour_pulse,NCBI_reprocessed_withdrawal_RNA
GSM6922850,KCl,1,5.0,4.0,KCl_D4_1,GSE222400_NCBI,CXCL8,4.752302369924618,log2_size_factor_normalized_count_plus_1,start_of_24_hour_induction,24_hour_pulse,NCBI_reprocessed_withdrawal_RNA
GSM6922850,KCl,1,5.0,4.0,KCl_D4_1,GSE222400_NCBI,SERPINE1,15.598391554142726,log2_size_factor_normalized_count_plus_1,start_of_24_hour_induction,24_hour_pulse,NCBI_reprocessed_withdrawal_RNA
GSM6922850,KCl,1,5.0,4.0,KCl_D4_1,GSE222400_NCBI,MMP3,9.055819534995592,log2_size_factor_normalized_count_plus_1,start_of_24_hour_induction,24_hour_pulse,NCBI_reprocessed_withdrawal_RNA
GSM6922850,KCl,1,5.0,4.0,KCl_D4_1,GSE222400_NCBI,GDF15,10.847650168675258,log2_size_factor_normalized_count_plus_1,start_of_24_hour_induction,24_hour_pulse,NCBI_reprocessed_withdrawal_RNA
GSM6922851,KCl,2,5.0,4.0,KCl_D4_2,GSE222400_NCBI,CDKN1A,15.440399052660295,log2_size_factor_normalized_count_plus_1,start_of_24_hour_induction,24_hour_pulse,NCBI_reprocessed_withdrawal_RNA
GSM6922851,KCl,2,5.0,4.0,KCl_D4_2,GSE222400_NCBI,CDKN2A,9.948001825133998,log2_size_factor_normalized_count_plus_1,start_of_24_hour_induction,24_hour_pulse,NCBI_reprocessed_withdrawal_RNA
GSM6922851,KCl,2,5.0,4.0,KCl_D4_2,GSE222400_NCBI,LMNB1,8.910952282371536,log2_size_factor_normalized_count_plus_1,start_of_24_hour_induction,24_hour_pulse,NCBI_reprocessed_withdrawal_RNA
GSM6922851,KCl,2,5.0,4.0,KCl_D4_2,GSE222400_NCBI,MKI67,10.961996166834783,log2_size_factor_normalized_count_plus_1,start_of_24_hour_induction,24_hour_pulse,NCBI_reprocessed_withdrawal_RNA
GSM6922851,KCl,2,5.0,4.0,KCl_D4_2,GSE222400_NCBI,IL6,6.456327011122419,log2_size_factor_normalized_count_plus_1,start_of_24_hour_induction,24_hour_pulse,NCBI_reprocessed_withdrawal_RNA
GSM6922851,KCl,2,5.0,4.0,KCl_D4_2,GSE222400_NCBI,CXCL8,4.198664375604783,log2_size_factor_normalized_count_plus_1,start_of_24_hour_induction,24_hour_pulse,NCBI_reprocessed_withdrawal_RNA
GSM6922851,KCl,2,5.0,4.0,KCl_D4_2,GSE222400_NCBI,SERPINE1,15.532282447746976,log2_size_factor_normalized_count_plus_1,start_of_24_hour_induction,24_hour_pulse,NCBI_reprocessed_withdrawal_RNA
GSM6922851,KCl,2,5.0,4.0,KCl_D4_2,GSE222400_NCBI,MMP3,9.082470691648718,log2_size_factor_normalized_count_plus_1,start_of_24_hour_induction,24_hour_pulse,NCBI_reprocessed_withdrawal_RNA
GSM6922851,KCl,2,5.0,4.0,KCl_D4_2,GSE222400_NCBI,GDF15,10.889024632507022,log2_size_factor_normalized_count_plus_1,start_of_24_hour_induction,24_hour_pulse,NCBI_reprocessed_withdrawal_RNA
GSM6922852,KCl,1,7.0,6.0,KCl_D6_1,GSE222400_NCBI,CDKN1A,15.649021955668541,log2_size_factor_normalized_count_plus_1,start_of_24_hour_induction,24_hour_pulse,NCBI_reprocessed_withdrawal_RNA
GSM6922852,KCl,1,7.0,6.0,KCl_D6_1,GSE222400_NCBI,CDKN2A,9.77014401120871,log2_size_factor_normalized_count_plus_1,start_of_24_hour_induction,24_hour_pulse,NCBI_reprocessed_withdrawal_RNA
GSM6922852,KCl,1,7.0,6.0,KCl_D6_1,GSE222400_NCBI,LMNB1,8.044900322401658,log2_size_factor_normalized_count_plus_1,start_of_24_hour_induction,24_hour_pulse,NCBI_reprocessed_withdrawal_RNA
GSM6922852,KCl,1,7.0,6.0,KCl_D6_1,GSE222400_NCBI,MKI67,9.532421253906689,log2_size_factor_normalized_count_plus_1,start_of_24_hour_induction,24_hour_pulse,NCBI_reprocessed_withdrawal_RNA
GSM6922852,KCl,1,7.0,6.0,KCl_D6_1,GSE222400_NCBI,IL6,6.7431029610806155,log2_size_factor_normalized_count_plus_1,start_of_24_hour_induction,24_hour_pulse,NCBI_reprocessed_withdrawal_RNA
GSM6922852,KCl,1,7.0,6.0,KCl_D6_1,GSE222400_NCBI,CXCL8,4.782951095311623,log2_size_factor_normalized_count_plus_1,start_of_24_hour_induction,24_hour_pulse,NCBI_reprocessed_withdrawal_RNA
GSM6922852,KCl,1,7.0,6.0,KCl_D6_1,GSE222400_NCBI,SERPINE1,15.41142899785413,log2_size_factor_normalized_count_plus_1,start_of_24_hour_induction,24_hour_pulse,NCBI_reprocessed_withdrawal_RNA
GSM6922852,KCl,1,7.0,6.0,KCl_D6_1,GSE222400_NCBI,MMP3,8.99293378561672,log2_size_factor_normalized_count_plus_1,start_of_24_hour_induction,24_hour_pulse,NCBI_reprocessed_withdrawal_RNA
GSM6922852,KCl,1,7.0,6.0,KCl_D6_1,GSE222400_NCBI,GDF15,11.064891207053456,log2_size_factor_normalized_count_plus_1,start_of_24_hour_induction,24_hour_pulse,NCBI_reprocessed_withdrawal_RNA
GSM6922853,KCl,2,7.0,6.0,KCl_D6_2,GSE222400_NCBI,CDKN1A,15.445157155754313,log2_size_factor_normalized_count_plus_1,start_of_24_hour_induction,24_hour_pulse,NCBI_reprocessed_withdrawal_RNA
GSM6922853,KCl,2,7.0,6.0,KCl_D6_2,GSE222400_NCBI,CDKN2A,10.06311842386871,log2_size_factor_normalized_count_plus_1,start_of_24_hour_induction,24_hour_pulse,NCBI_reprocessed_withdrawal_RNA
GSM6922853,KCl,2,7.0,6.0,KCl_D6_2,GSE222400_NCBI,LMNB1,9.06833561303321,log2_size_factor_normalized_count_plus_1,start_of_24_hour_induction,24_hour_pulse,NCBI_reprocessed_withdrawal_RNA
GSM6922853,KCl,2,7.0,6.0,KCl_D6_2,GSE222400_NCBI,MKI67,10.862300827735181,log2_size_factor_normalized_count_plus_1,start_of_24_hour_induction,24_hour_pulse,NCBI_reprocessed_withdrawal_RNA
GSM6922853,KCl,2,7.0,6.0,KCl_D6_2,GSE222400_NCBI,IL6,6.784973517286741,log2_size_factor_normalized_count_plus_1,start_of_24_hour_induction,24_hour_pulse,NCBI_reprocessed_withdrawal_RNA
GSM6922853,KCl,2,7.0,6.0,KCl_D6_2,GSE222400_NCBI,CXCL8,5.432179641730946,log2_size_factor_normalized_count_plus_1,start_of_24_hour_induction,24_hour_pulse,NCBI_reprocessed_withdrawal_RNA
GSM6922853,KCl,2,7.0,6.0,KCl_D6_2,GSE222400_NCBI,SERPINE1,15.248170403701458,log2_size_factor_normalized_count_plus_1,start_of_24_hour_induction,24_hour_pulse,NCBI_reprocessed_withdrawal_RNA
GSM6922853,KCl,2,7.0,6.0,KCl_D6_2,GSE222400_NCBI,MMP3,8.579342468414282,log2_size_factor_normalized_count_plus_1,start_of_24_hour_induction,24_hour_pulse,NCBI_reprocessed_withdrawal_RNA
GSM6922853,KCl,2,7.0,6.0,KCl_D6_2,GSE222400_NCBI,GDF15,10.911234120006341,log2_size_factor_normalized_count_plus_1,start_of_24_hour_induction,24_hour_pulse,NCBI_reprocessed_withdrawal_RNA
GSM6922854,KCl,1,9.0,8.0,KCl_D8_1,GSE222400_NCBI,CDKN1A,15.402842741743731,log2_size_factor_normalized_count_plus_1,start_of_24_hour_induction,24_hour_pulse,NCBI_reprocessed_withdrawal_RNA
GSM6922854,KCl,1,9.0,8.0,KCl_D8_1,GSE222400_NCBI,CDKN2A,9.973638792388602,log2_size_factor_normalized_count_plus_1,start_of_24_hour_induction,24_hour_pulse,NCBI_reprocessed_withdrawal_RNA
GSM6922854,KCl,1,9.0,8.0,KCl_D8_1,GSE222400_NCBI,LMNB1,7.630816059440579,log2_size_factor_normalized_count_plus_1,start_of_24_hour_induction,24_hour_pulse,NCBI_reprocessed_withdrawal_RNA
GSM6922854,KCl,1,9.0,8.0,KCl_D8_1,GSE222400_NCBI,MKI67,9.143130989659536,log2_size_factor_normalized_count_plus_1,start_of_24_hour_induction,24_hour_pulse,NCBI_reprocessed_withdrawal_RNA
GSM6922854,KCl,1,9.0,8.0,KCl_D8_1,GSE222400_NCBI,IL6,7.822550978919356,log2_size_factor_normalized_count_plus_1,start_of_24_hour_induction,24_hour_pulse,NCBI_reprocessed_withdrawal_RNA
GSM6922854,KCl,1,9.0,8.0,KCl_D8_1,GSE222400_NCBI,CXCL8,6.865426875137659,log2_size_factor_normalized_count_plus_1,start_of_24_hour_induction,24_hour_pulse,NCBI_reprocessed_withdrawal_RNA
GSM6922854,KCl,1,9.0,8.0,KCl_D8_1,GSE222400_NCBI,SERPINE1,14.747768831033888,log2_size_factor_normalized_count_plus_1,start_of_24_hour_induction,24_hour_pulse,NCBI_reprocessed_withdrawal_RNA
GSM6922854,KCl,1,9.0,8.0,KCl_D8_1,GSE222400_NCBI,MMP3,7.118350760147897,log2_size_factor_normalized_count_plus_1,start_of_24_hour_induction,24_hour_pulse,NCBI_reprocessed_withdrawal_RNA
GSM6922854,KCl,1,9.0,8.0,KCl_D8_1,GSE222400_NCBI,GDF15,10.832418285637187,log2_size_factor_normalized_count_plus_1,start_of_24_hour_induction,24_hour_pulse,NCBI_reprocessed_withdrawal_RNA
GSM6922855,KCl,2,9.0,8.0,KCl_D8_2,GSE222400_NCBI,CDKN1A,15.416979504407243,log2_size_factor_normalized_count_plus_1,start_of_24_hour_induction,24_hour_pulse,NCBI_reprocessed_withdrawal_RNA
GSM6922855,KCl,2,9.0,8.0,KCl_D8_2,GSE222400_NCBI,CDKN2A,9.966136196355809,log2_size_factor_normalized_count_plus_1,start_of_24_hour_induction,24_hour_pulse,NCBI_reprocessed_withdrawal_RNA
GSM6922855,KCl,2,9.0,8.0,KCl_D8_2,GSE222400_NCBI,LMNB1,7.928663214211397,log2_size_factor_normalized_count_plus_1,start_of_24_hour_induction,24_hour_pulse,NCBI_reprocessed_withdrawal_RNA
GSM6922855,KCl,2,9.0,8.0,KCl_D8_2,GSE222400_NCBI,MKI67,9.557237432945923,log2_size_factor_normalized_count_plus_1,start_of_24_hour_induction,24_hour_pulse,NCBI_reprocessed_withdrawal_RNA
GSM6922855,KCl,2,9.0,8.0,KCl_D8_2,GSE222400_NCBI,IL6,7.913618648803406,log2_size_factor_normalized_count_plus_1,start_of_24_hour_induction,24_hour_pulse,NCBI_reprocessed_withdrawal_RNA
GSM6922855,KCl,2,9.0,8.0,KCl_D8_2,GSE222400_NCBI,CXCL8,6.685750613670554,log2_size_factor_normalized_count_plus_1,start_of_24_hour_induction,24_hour_pulse,NCBI_reprocessed_withdrawal_RNA
GSM6922855,KCl,2,9.0,8.0,KCl_D8_2,GSE222400_NCBI,SERPINE1,14.82624296929886,log2_size_factor_normalized_count_plus_1,start_of_24_hour_induction,24_hour_pulse,NCBI_reprocessed_withdrawal_RNA
GSM6922855,KCl,2,9.0,8.0,KCl_D8_2,GSE222400_NCBI,MMP3,6.84224893408189,log2_size_factor_normalized_count_plus_1,start_of_24_hour_induction,24_hour_pulse,NCBI_reprocessed_withdrawal_RNA
GSM6922855,KCl,2,9.0,8.0,KCl_D8_2,GSE222400_NCBI,GDF15,10.825732545418099,log2_size_factor_normalized_count_plus_1,start_of_24_hour_induction,24_hour_pulse,NCBI_reprocessed_withdrawal_RNA
GSM6922856,KCl,1,17.0,16.0,KCl_D16_1,GSE222400_NCBI,CDKN1A,15.258445547170886,log2_size_factor_normalized_count_plus_1,start_of_24_hour_induction,24_hour_pulse,NCBI_reprocessed_withdrawal_RNA
GSM6922856,KCl,1,17.0,16.0,KCl_D16_1,GSE222400_NCBI,CDKN2A,10.027835524017084,log2_size_factor_normalized_count_plus_1,start_of_24_hour_induction,24_hour_pulse,NCBI_reprocessed_withdrawal_RNA
GSM6922856,KCl,1,17.0,16.0,KCl_D16_1,GSE222400_NCBI,LMNB1,9.320891251019813,log2_size_factor_normalized_count_plus_1,start_of_24_hour_induction,24_hour_pulse,NCBI_reprocessed_withdrawal_RNA
GSM6922856,KCl,1,17.0,16.0,KCl_D16_1,GSE222400_NCBI,MKI67,11.169259508041753,log2_size_factor_normalized_count_plus_1,start_of_24_hour_induction,24_hour_pulse,NCBI_reprocessed_withdrawal_RNA
GSM6922856,KCl,1,17.0,16.0,KCl_D16_1,GSE222400_NCBI,IL6,6.747164046137792,log2_size_factor_normalized_count_plus_1,start_of_24_hour_induction,24_hour_pulse,NCBI_reprocessed_withdrawal_RNA
GSM6922856,KCl,1,17.0,16.0,KCl_D16_1,GSE222400_NCBI,CXCL8,5.33544917159971,log2_size_factor_normalized_count_plus_1,start_of_24_hour_induction,24_hour_pulse,NCBI_reprocessed_withdrawal_RNA
GSM6922856,KCl,1,17.0,16.0,KCl_D16_1,GSE222400_NCBI,SERPINE1,15.301472863106687,log2_size_factor_normalized_count_plus_1,start_of_24_hour_induction,24_hour_pulse,NCBI_reprocessed_withdrawal_RNA
GSM6922856,KCl,1,17.0,16.0,KCl_D16_1,GSE222400_NCBI,MMP3,8.577412424257044,log2_size_factor_normalized_count_plus_1,start_of_24_hour_induction,24_hour_pulse,NCBI_reprocessed_withdrawal_RNA
GSM6922856,KCl,1,17.0,16.0,KCl_D16_1,GSE222400_NCBI,GDF15,10.453883549840349,log2_size_factor_normalized_count_plus_1,start_of_24_hour_induction,24_hour_pulse,NCBI_reprocessed_withdrawal_RNA
GSM6922857,KCl,2,17.0,16.0,KCl_D16_2,GSE222400_NCBI,CDKN1A,15.183071148952386,log2_size_factor_normalized_count_plus_1,start_of_24_hour_induction,24_hour_pulse,NCBI_reprocessed_withdrawal_RNA
GSM6922857,KCl,2,17.0,16.0,KCl_D16_2,GSE222400_NCBI,CDKN2A,10.015746459308243,log2_size_factor_normalized_count_plus_1,start_of_24_hour_induction,24_hour_pulse,NCBI_reprocessed_withdrawal_RNA
GSM6922857,KCl,2,17.0,16.0,KCl_D16_2,GSE222400_NCBI,LMNB1,9.301646238749125,log2_size_factor_normalized_count_plus_1,start_of_24_hour_induction,24_hour_pulse,NCBI_reprocessed_withdrawal_RNA
GSM6922857,KCl,2,17.0,16.0,KCl_D16_2,GSE222400_NCBI,MKI67,11.397906616610046,log2_size_factor_normalized_count_plus_1,start_of_24_hour_induction,24_hour_pulse,NCBI_reprocessed_withdrawal_RNA
GSM6922857,KCl,2,17.0,16.0,KCl_D16_2,GSE222400_NCBI,IL6,6.7001740397075755,log2_size_factor_normalized_count_plus_1,start_of_24_hour_induction,24_hour_pulse,NCBI_reprocessed_withdrawal_RNA
GSM6922857,KCl,2,17.0,16.0,KCl_D16_2,GSE222400_NCBI,CXCL8,5.230417919422558,log2_size_factor_normalized_count_plus_1,start_of_24_hour_induction,24_hour_pulse,NCBI_reprocessed_withdrawal_RNA
GSM6922857,KCl,2,17.0,16.0,KCl_D16_2,GSE222400_NCBI,SERPINE1,15.272644455550518,log2_size_factor_normalized_count_plus_1,start_of_24_hour_induction,24_hour_pulse,NCBI_reprocessed_withdrawal_RNA
GSM6922857,KCl,2,17.0,16.0,KCl_D16_2,GSE222400_NCBI,MMP3,8.399280374173333,log2_size_factor_normalized_count_plus_1,start_of_24_hour_induction,24_hour_pulse,NCBI_reprocessed_withdrawal_RNA
GSM6922857,KCl,2,17.0,16.0,KCl_D16_2,GSE222400_NCBI,GDF15,10.514382357336343,log2_size_factor_normalized_count_plus_1,start_of_24_hour_induction,24_hour_pulse,NCBI_reprocessed_withdrawal_RNA
GSM6922858,DXR,1,1.0,0.0,DXR_D0_1,GSE222400_NCBI,CDKN1A,16.875757584842656,log2_size_factor_normalized_count_plus_1,start_of_24_hour_induction,24_hour_pulse,NCBI_reprocessed_withdrawal_RNA
GSM6922858,DXR,1,1.0,0.0,DXR_D0_1,GSE222400_NCBI,CDKN2A,9.166818327921403,log2_size_factor_normalized_count_plus_1,start_of_24_hour_induction,24_hour_pulse,NCBI_reprocessed_withdrawal_RNA
GSM6922858,DXR,1,1.0,0.0,DXR_D0_1,GSE222400_NCBI,LMNB1,5.766041889910205,log2_size_factor_normalized_count_plus_1,start_of_24_hour_induction,24_hour_pulse,NCBI_reprocessed_withdrawal_RNA
GSM6922858,DXR,1,1.0,0.0,DXR_D0_1,GSE222400_NCBI,MKI67,6.689603673332794,log2_size_factor_normalized_count_plus_1,start_of_24_hour_induction,24_hour_pulse,NCBI_reprocessed_withdrawal_RNA
GSM6922858,DXR,1,1.0,0.0,DXR_D0_1,GSE222400_NCBI,IL6,7.6114021296460095,log2_size_factor_normalized_count_plus_1,start_of_24_hour_induction,24_hour_pulse,NCBI_reprocessed_withdrawal_RNA
GSM6922858,DXR,1,1.0,0.0,DXR_D0_1,GSE222400_NCBI,CXCL8,7.379667241756917,log2_size_factor_normalized_count_plus_1,start_of_24_hour_induction,24_hour_pulse,NCBI_reprocessed_withdrawal_RNA
GSM6922858,DXR,1,1.0,0.0,DXR_D0_1,GSE222400_NCBI,SERPINE1,15.594239724869459,log2_size_factor_normalized_count_plus_1,start_of_24_hour_induction,24_hour_pulse,NCBI_reprocessed_withdrawal_RNA
GSM6922858,DXR,1,1.0,0.0,DXR_D0_1,GSE222400_NCBI,MMP3,11.492362134599588,log2_size_factor_normalized_count_plus_1,start_of_24_hour_induction,24_hour_pulse,NCBI_reprocessed_withdrawal_RNA
GSM6922858,DXR,1,1.0,0.0,DXR_D0_1,GSE222400_NCBI,GDF15,14.311926990480957,log2_size_factor_normalized_count_plus_1,start_of_24_hour_induction,24_hour_pulse,NCBI_reprocessed_withdrawal_RNA
GSM6922859,DXR,2,1.0,0.0,DXR_D0_2,GSE222400_NCBI,CDKN1A,16.658113541888188,log2_size_factor_normalized_count_plus_1,start_of_24_hour_induction,24_hour_pulse,NCBI_reprocessed_withdrawal_RNA
GSM6922859,DXR,2,1.0,0.0,DXR_D0_2,GSE222400_NCBI,CDKN2A,9.053592080942172,log2_size_factor_normalized_count_plus_1,start_of_24_hour_induction,24_hour_pulse,NCBI_reprocessed_withdrawal_RNA
GSM6922859,DXR,2,1.0,0.0,DXR_D0_2,GSE222400_NCBI,LMNB1,6.130384521793297,log2_size_factor_normalized_count_plus_1,start_of_24_hour_induction,24_hour_pulse,NCBI_reprocessed_withdrawal_RNA
GSM6922859,DXR,2,1.0,0.0,DXR_D0_2,GSE222400_NCBI,MKI67,6.543259458033778,log2_size_factor_normalized_count_plus_1,start_of_24_hour_induction,24_hour_pulse,NCBI_reprocessed_withdrawal_RNA
GSM6922859,DXR,2,1.0,0.0,DXR_D0_2,GSE222400_NCBI,IL6,7.083481924598619,log2_size_factor_normalized_count_plus_1,start_of_24_hour_induction,24_hour_pulse,NCBI_reprocessed_withdrawal_RNA
GSM6922859,DXR,2,1.0,0.0,DXR_D0_2,GSE222400_NCBI,CXCL8,6.8494413991010275,log2_size_factor_normalized_count_plus_1,start_of_24_hour_induction,24_hour_pulse,NCBI_reprocessed_withdrawal_RNA
GSM6922859,DXR,2,1.0,0.0,DXR_D0_2,GSE222400_NCBI,SERPINE1,15.847389502785422,log2_size_factor_normalized_count_plus_1,start_of_24_hour_induction,24_hour_pulse,NCBI_reprocessed_withdrawal_RNA
GSM6922859,DXR,2,1.0,0.0,DXR_D0_2,GSE222400_NCBI,MMP3,11.75657983130163,log2_size_factor_normalized_count_plus_1,start_of_24_hour_induction,24_hour_pulse,NCBI_reprocessed_withdrawal_RNA
GSM6922859,DXR,2,1.0,0.0,DXR_D0_2,GSE222400_NCBI,GDF15,13.698433595360203,log2_size_factor_normalized_count_plus_1,start_of_24_hour_induction,24_hour_pulse,NCBI_reprocessed_withdrawal_RNA
GSM6922860,DXR,1,2.0,1.0,DXR_D1_1,GSE222400_NCBI,CDKN1A,16.315491621829853,log2_size_factor_normalized_count_plus_1,start_of_24_hour_induction,24_hour_pulse,NCBI_reprocessed_withdrawal_RNA
GSM6922860,DXR,1,2.0,1.0,DXR_D1_1,GSE222400_NCBI,CDKN2A,9.642507058926716,log2_size_factor_normalized_count_plus_1,start_of_24_hour_induction,24_hour_pulse,NCBI_reprocessed_withdrawal_RNA
GSM6922860,DXR,1,2.0,1.0,DXR_D1_1,GSE222400_NCBI,LMNB1,5.68085980845902,log2_size_factor_normalized_count_plus_1,start_of_24_hour_induction,24_hour_pulse,NCBI_reprocessed_withdrawal_RNA
GSM6922860,DXR,1,2.0,1.0,DXR_D1_1,GSE222400_NCBI,MKI67,4.3643642062086005,log2_size_factor_normalized_count_plus_1,start_of_24_hour_induction,24_hour_pulse,NCBI_reprocessed_withdrawal_RNA
GSM6922860,DXR,1,2.0,1.0,DXR_D1_1,GSE222400_NCBI,IL6,6.310851008094691,log2_size_factor_normalized_count_plus_1,start_of_24_hour_induction,24_hour_pulse,NCBI_reprocessed_withdrawal_RNA
GSM6922860,DXR,1,2.0,1.0,DXR_D1_1,GSE222400_NCBI,CXCL8,5.180889732793419,log2_size_factor_normalized_count_plus_1,start_of_24_hour_induction,24_hour_pulse,NCBI_reprocessed_withdrawal_RNA
GSM6922860,DXR,1,2.0,1.0,DXR_D1_1,GSE222400_NCBI,SERPINE1,15.672943345880611,log2_size_factor_normalized_count_plus_1,start_of_24_hour_induction,24_hour_pulse,NCBI_reprocessed_withdrawal_RNA
GSM6922860,DXR,1,2.0,1.0,DXR_D1_1,GSE222400_NCBI,MMP3,11.103576097244114,log2_size_factor_normalized_count_plus_1,start_of_24_hour_induction,24_hour_pulse,NCBI_reprocessed_withdrawal_RNA
GSM6922860,DXR,1,2.0,1.0,DXR_D1_1,GSE222400_NCBI,GDF15,11.946609519938697,log2_size_factor_normalized_count_plus_1,start_of_24_hour_induction,24_hour_pulse,NCBI_reprocessed_withdrawal_RNA
GSM6922861,DXR,2,2.0,1.0,DXR_D1_2,GSE222400_NCBI,CDKN1A,16.35680203713388,log2_size_factor_normalized_count_plus_1,start_of_24_hour_induction,24_hour_pulse,NCBI_reprocessed_withdrawal_RNA
GSM6922861,DXR,2,2.0,1.0,DXR_D1_2,GSE222400_NCBI,CDKN2A,9.882658236396605,log2_size_factor_normalized_count_plus_1,start_of_24_hour_induction,24_hour_pulse,NCBI_reprocessed_withdrawal_RNA
GSM6922861,DXR,2,2.0,1.0,DXR_D1_2,GSE222400_NCBI,LMNB1,5.874454575523709,log2_size_factor_normalized_count_plus_1,start_of_24_hour_induction,24_hour_pulse,NCBI_reprocessed_withdrawal_RNA
GSM6922861,DXR,2,2.0,1.0,DXR_D1_2,GSE222400_NCBI,MKI67,4.9259230739449755,log2_size_factor_normalized_count_plus_1,start_of_24_hour_induction,24_hour_pulse,NCBI_reprocessed_withdrawal_RNA
GSM6922861,DXR,2,2.0,1.0,DXR_D1_2,GSE222400_NCBI,IL6,5.874454575523709,log2_size_factor_normalized_count_plus_1,start_of_24_hour_induction,24_hour_pulse,NCBI_reprocessed_withdrawal_RNA
GSM6922861,DXR,2,2.0,1.0,DXR_D1_2,GSE222400_NCBI,CXCL8,5.53070422872992,log2_size_factor_normalized_count_plus_1,start_of_24_hour_induction,24_hour_pulse,NCBI_reprocessed_withdrawal_RNA
GSM6922861,DXR,2,2.0,1.0,DXR_D1_2,GSE222400_NCBI,SERPINE1,15.453963752250626,log2_size_factor_normalized_count_plus_1,start_of_24_hour_induction,24_hour_pulse,NCBI_reprocessed_withdrawal_RNA
GSM6922861,DXR,2,2.0,1.0,DXR_D1_2,GSE222400_NCBI,MMP3,11.31029354775672,log2_size_factor_normalized_count_plus_1,start_of_24_hour_induction,24_hour_pulse,NCBI_reprocessed_withdrawal_RNA
GSM6922861,DXR,2,2.0,1.0,DXR_D1_2,GSE222400_NCBI,GDF15,11.996560234268259,log2_size_factor_normalized_count_plus_1,start_of_24_hour_induction,24_hour_pulse,NCBI_reprocessed_withdrawal_RNA
GSM6922862,DXR,1,3.0,2.0,DXR_D2_1,GSE222400_NCBI,CDKN1A,15.931922448682132,log2_size_factor_normalized_count_plus_1,start_of_24_hour_induction,24_hour_pulse,NCBI_reprocessed_withdrawal_RNA
GSM6922862,DXR,1,3.0,2.0,DXR_D2_1,GSE222400_NCBI,CDKN2A,9.78478634442955,log2_size_factor_normalized_count_plus_1,start_of_24_hour_induction,24_hour_pulse,NCBI_reprocessed_withdrawal_RNA
GSM6922862,DXR,1,3.0,2.0,DXR_D2_1,GSE222400_NCBI,LMNB1,5.695199792595339,log2_size_factor_normalized_count_plus_1,start_of_24_hour_induction,24_hour_pulse,NCBI_reprocessed_withdrawal_RNA
GSM6922862,DXR,1,3.0,2.0,DXR_D2_1,GSE222400_NCBI,MKI67,5.724993219010566,log2_size_factor_normalized_count_plus_1,start_of_24_hour_induction,24_hour_pulse,NCBI_reprocessed_withdrawal_RNA
GSM6922862,DXR,1,3.0,2.0,DXR_D2_1,GSE222400_NCBI,IL6,6.619098553909084,log2_size_factor_normalized_count_plus_1,start_of_24_hour_induction,24_hour_pulse,NCBI_reprocessed_withdrawal_RNA
GSM6922862,DXR,1,3.0,2.0,DXR_D2_1,GSE222400_NCBI,CXCL8,4.915978380130009,log2_size_factor_normalized_count_plus_1,start_of_24_hour_induction,24_hour_pulse,NCBI_reprocessed_withdrawal_RNA
GSM6922862,DXR,1,3.0,2.0,DXR_D2_1,GSE222400_NCBI,SERPINE1,15.723372127062316,log2_size_factor_normalized_count_plus_1,start_of_24_hour_induction,24_hour_pulse,NCBI_reprocessed_withdrawal_RNA
GSM6922862,DXR,1,3.0,2.0,DXR_D2_1,GSE222400_NCBI,MMP3,10.45448492209424,log2_size_factor_normalized_count_plus_1,start_of_24_hour_induction,24_hour_pulse,NCBI_reprocessed_withdrawal_RNA
GSM6922862,DXR,1,3.0,2.0,DXR_D2_1,GSE222400_NCBI,GDF15,11.819820400021188,log2_size_factor_normalized_count_plus_1,start_of_24_hour_induction,24_hour_pulse,NCBI_reprocessed_withdrawal_RNA
GSM6922863,DXR,2,3.0,2.0,DXR_D2_2,GSE222400_NCBI,CDKN1A,16.008768583697947,log2_size_factor_normalized_count_plus_1,start_of_24_hour_induction,24_hour_pulse,NCBI_reprocessed_withdrawal_RNA
GSM6922863,DXR,2,3.0,2.0,DXR_D2_2,GSE222400_NCBI,CDKN2A,9.792712088178552,log2_size_factor_normalized_count_plus_1,start_of_24_hour_induction,24_hour_pulse,NCBI_reprocessed_withdrawal_RNA
GSM6922863,DXR,2,3.0,2.0,DXR_D2_2,GSE222400_NCBI,LMNB1,5.775101569719999,log2_size_factor_normalized_count_plus_1,start_of_24_hour_induction,24_hour_pulse,NCBI_reprocessed_withdrawal_RNA
GSM6922863,DXR,2,3.0,2.0,DXR_D2_2,GSE222400_NCBI,MKI67,6.1611327333485635,log2_size_factor_normalized_count_plus_1,start_of_24_hour_induction,24_hour_pulse,NCBI_reprocessed_withdrawal_RNA
GSM6922863,DXR,2,3.0,2.0,DXR_D2_2,GSE222400_NCBI,IL6,6.183537776723597,log2_size_factor_normalized_count_plus_1,start_of_24_hour_induction,24_hour_pulse,NCBI_reprocessed_withdrawal_RNA
GSM6922863,DXR,2,3.0,2.0,DXR_D2_2,GSE222400_NCBI,CXCL8,5.481608094808756,log2_size_factor_normalized_count_plus_1,start_of_24_hour_induction,24_hour_pulse,NCBI_reprocessed_withdrawal_RNA
GSM6922863,DXR,2,3.0,2.0,DXR_D2_2,GSE222400_NCBI,SERPINE1,15.66105619917525,log2_size_factor_normalized_count_plus_1,start_of_24_hour_induction,24_hour_pulse,NCBI_reprocessed_withdrawal_RNA
GSM6922863,DXR,2,3.0,2.0,DXR_D2_2,GSE222400_NCBI,MMP3,10.505506250368704,log2_size_factor_normalized_count_plus_1,start_of_24_hour_induction,24_hour_pulse,NCBI_reprocessed_withdrawal_RNA
GSM6922863,DXR,2,3.0,2.0,DXR_D2_2,GSE222400_NCBI,GDF15,11.800126767581895,log2_size_factor_normalized_count_plus_1,start_of_24_hour_induction,24_hour_pulse,NCBI_reprocessed_withdrawal_RNA
GSM6922864,DXR,1,4.0,3.0,DXR_D3_1,GSE222400_NCBI,CDKN1A,15.775123074140964,log2_size_factor_normalized_count_plus_1,start_of_24_hour_induction,24_hour_pulse,NCBI_reprocessed_withdrawal_RNA
GSM6922864,DXR,1,4.0,3.0,DXR_D3_1,GSE222400_NCBI,CDKN2A,10.006674310403913,log2_size_factor_normalized_count_plus_1,start_of_24_hour_induction,24_hour_pulse,NCBI_reprocessed_withdrawal_RNA
GSM6922864,DXR,1,4.0,3.0,DXR_D3_1,GSE222400_NCBI,LMNB1,6.634240031734894,log2_size_factor_normalized_count_plus_1,start_of_24_hour_induction,24_hour_pulse,NCBI_reprocessed_withdrawal_RNA
GSM6922864,DXR,1,4.0,3.0,DXR_D3_1,GSE222400_NCBI,MKI67,8.113230666743998,log2_size_factor_normalized_count_plus_1,start_of_24_hour_induction,24_hour_pulse,NCBI_reprocessed_withdrawal_RNA
GSM6922864,DXR,1,4.0,3.0,DXR_D3_1,GSE222400_NCBI,IL6,6.274650569206023,log2_size_factor_normalized_count_plus_1,start_of_24_hour_induction,24_hour_pulse,NCBI_reprocessed_withdrawal_RNA
GSM6922864,DXR,1,4.0,3.0,DXR_D3_1,GSE222400_NCBI,CXCL8,4.685065429087706,log2_size_factor_normalized_count_plus_1,start_of_24_hour_induction,24_hour_pulse,NCBI_reprocessed_withdrawal_RNA
GSM6922864,DXR,1,4.0,3.0,DXR_D3_1,GSE222400_NCBI,SERPINE1,15.62476672449506,log2_size_factor_normalized_count_plus_1,start_of_24_hour_induction,24_hour_pulse,NCBI_reprocessed_withdrawal_RNA
GSM6922864,DXR,1,4.0,3.0,DXR_D3_1,GSE222400_NCBI,MMP3,9.533419670082466,log2_size_factor_normalized_count_plus_1,start_of_24_hour_induction,24_hour_pulse,NCBI_reprocessed_withdrawal_RNA
GSM6922864,DXR,1,4.0,3.0,DXR_D3_1,GSE222400_NCBI,GDF15,11.528395427923233,log2_size_factor_normalized_count_plus_1,start_of_24_hour_induction,24_hour_pulse,NCBI_reprocessed_withdrawal_RNA
GSM6922865,DXR,2,4.0,3.0,DXR_D3_2,GSE222400_NCBI,CDKN1A,15.859658845916542,log2_size_factor_normalized_count_plus_1,start_of_24_hour_induction,24_hour_pulse,NCBI_reprocessed_withdrawal_RNA
GSM6922865,DXR,2,4.0,3.0,DXR_D3_2,GSE222400_NCBI,CDKN2A,9.852409688568425,log2_size_factor_normalized_count_plus_1,start_of_24_hour_induction,24_hour_pulse,NCBI_reprocessed_withdrawal_RNA
GSM6922865,DXR,2,4.0,3.0,DXR_D3_2,GSE222400_NCBI,LMNB1,7.206644204718744,log2_size_factor_normalized_count_plus_1,start_of_24_hour_induction,24_hour_pulse,NCBI_reprocessed_withdrawal_RNA
GSM6922865,DXR,2,4.0,3.0,DXR_D3_2,GSE222400_NCBI,MKI67,8.405197520843718,log2_size_factor_normalized_count_plus_1,start_of_24_hour_induction,24_hour_pulse,NCBI_reprocessed_withdrawal_RNA
GSM6922865,DXR,2,4.0,3.0,DXR_D3_2,GSE222400_NCBI,IL6,8.107089410629706,log2_size_factor_normalized_count_plus_1,start_of_24_hour_induction,24_hour_pulse,NCBI_reprocessed_withdrawal_RNA
GSM6922865,DXR,2,4.0,3.0,DXR_D3_2,GSE222400_NCBI,CXCL8,10.09559347899603,log2_size_factor_normalized_count_plus_1,start_of_24_hour_induction,24_hour_pulse,NCBI_reprocessed_withdrawal_RNA
GSM6922865,DXR,2,4.0,3.0,DXR_D3_2,GSE222400_NCBI,SERPINE1,15.266080309183018,log2_size_factor_normalized_count_plus_1,start_of_24_hour_induction,24_hour_pulse,NCBI_reprocessed_withdrawal_RNA
GSM6922865,DXR,2,4.0,3.0,DXR_D3_2,GSE222400_NCBI,MMP3,10.67631714449687,log2_size_factor_normalized_count_plus_1,start_of_24_hour_induction,24_hour_pulse,NCBI_reprocessed_withdrawal_RNA
GSM6922865,DXR,2,4.0,3.0,DXR_D3_2,GSE222400_NCBI,GDF15,11.530531029278501,log2_size_factor_normalized_count_plus_1,start_of_24_hour_induction,24_hour_pulse,NCBI_reprocessed_withdrawal_RNA
GSM6922866,DXR,1,5.0,4.0,DXR_D4_1,GSE222400_NCBI,CDKN1A,15.708968946739187,log2_size_factor_normalized_count_plus_1,start_of_24_hour_induction,24_hour_pulse,NCBI_reprocessed_withdrawal_RNA
GSM6922866,DXR,1,5.0,4.0,DXR_D4_1,GSE222400_NCBI,CDKN2A,10.067904970395789,log2_size_factor_normalized_count_plus_1,start_of_24_hour_induction,24_hour_pulse,NCBI_reprocessed_withdrawal_RNA
GSM6922866,DXR,1,5.0,4.0,DXR_D4_1,GSE222400_NCBI,LMNB1,6.411714607400511,log2_size_factor_normalized_count_plus_1,start_of_24_hour_induction,24_hour_pulse,NCBI_reprocessed_withdrawal_RNA
GSM6922866,DXR,1,5.0,4.0,DXR_D4_1,GSE222400_NCBI,MKI67,8.340092162501108,log2_size_factor_normalized_count_plus_1,start_of_24_hour_induction,24_hour_pulse,NCBI_reprocessed_withdrawal_RNA
GSM6922866,DXR,1,5.0,4.0,DXR_D4_1,GSE222400_NCBI,IL6,6.477446503333104,log2_size_factor_normalized_count_plus_1,start_of_24_hour_induction,24_hour_pulse,NCBI_reprocessed_withdrawal_RNA
GSM6922866,DXR,1,5.0,4.0,DXR_D4_1,GSE222400_NCBI,CXCL8,5.318082733743469,log2_size_factor_normalized_count_plus_1,start_of_24_hour_induction,24_hour_pulse,NCBI_reprocessed_withdrawal_RNA
GSM6922866,DXR,1,5.0,4.0,DXR_D4_1,GSE222400_NCBI,SERPINE1,15.463631002296161,log2_size_factor_normalized_count_plus_1,start_of_24_hour_induction,24_hour_pulse,NCBI_reprocessed_withdrawal_RNA
GSM6922866,DXR,1,5.0,4.0,DXR_D4_1,GSE222400_NCBI,MMP3,9.40020405586844,log2_size_factor_normalized_count_plus_1,start_of_24_hour_induction,24_hour_pulse,NCBI_reprocessed_withdrawal_RNA
GSM6922866,DXR,1,5.0,4.0,DXR_D4_1,GSE222400_NCBI,GDF15,11.593881717419729,log2_size_factor_normalized_count_plus_1,start_of_24_hour_induction,24_hour_pulse,NCBI_reprocessed_withdrawal_RNA
GSM6922867,DXR,2,5.0,4.0,DXR_D4_2,GSE222400_NCBI,CDKN1A,15.831508777943068,log2_size_factor_normalized_count_plus_1,start_of_24_hour_induction,24_hour_pulse,NCBI_reprocessed_withdrawal_RNA
GSM6922867,DXR,2,5.0,4.0,DXR_D4_2,GSE222400_NCBI,CDKN2A,9.875836716063455,log2_size_factor_normalized_count_plus_1,start_of_24_hour_induction,24_hour_pulse,NCBI_reprocessed_withdrawal_RNA
GSM6922867,DXR,2,5.0,4.0,DXR_D4_2,GSE222400_NCBI,LMNB1,6.5733839180596405,log2_size_factor_normalized_count_plus_1,start_of_24_hour_induction,24_hour_pulse,NCBI_reprocessed_withdrawal_RNA
GSM6922867,DXR,2,5.0,4.0,DXR_D4_2,GSE222400_NCBI,MKI67,8.809907681470369,log2_size_factor_normalized_count_plus_1,start_of_24_hour_induction,24_hour_pulse,NCBI_reprocessed_withdrawal_RNA
GSM6922867,DXR,2,5.0,4.0,DXR_D4_2,GSE222400_NCBI,IL6,6.515121306329391,log2_size_factor_normalized_count_plus_1,start_of_24_hour_induction,24_hour_pulse,NCBI_reprocessed_withdrawal_RNA
GSM6922867,DXR,2,5.0,4.0,DXR_D4_2,GSE222400_NCBI,CXCL8,5.3018403498072875,log2_size_factor_normalized_count_plus_1,start_of_24_hour_induction,24_hour_pulse,NCBI_reprocessed_withdrawal_RNA
GSM6922867,DXR,2,5.0,4.0,DXR_D4_2,GSE222400_NCBI,SERPINE1,15.532416105603975,log2_size_factor_normalized_count_plus_1,start_of_24_hour_induction,24_hour_pulse,NCBI_reprocessed_withdrawal_RNA
GSM6922867,DXR,2,5.0,4.0,DXR_D4_2,GSE222400_NCBI,MMP3,9.267139074889274,log2_size_factor_normalized_count_plus_1,start_of_24_hour_induction,24_hour_pulse,NCBI_reprocessed_withdrawal_RNA
GSM6922867,DXR,2,5.0,4.0,DXR_D4_2,GSE222400_NCBI,GDF15,11.38854243362689,log2_size_factor_normalized_count_plus_1,start_of_24_hour_induction,24_hour_pulse,NCBI_reprocessed_withdrawal_RNA
GSM6922868,DXR,1,7.0,6.0,DXR_D6_1,GSE222400_NCBI,CDKN1A,15.82298663236079,log2_size_factor_normalized_count_plus_1,start_of_24_hour_induction,24_hour_pulse,NCBI_reprocessed_withdrawal_RNA
GSM6922868,DXR,1,7.0,6.0,DXR_D6_1,GSE222400_NCBI,CDKN2A,10.156257043886567,log2_size_factor_normalized_count_plus_1,start_of_24_hour_induction,24_hour_pulse,NCBI_reprocessed_withdrawal_RNA
GSM6922868,DXR,1,7.0,6.0,DXR_D6_1,GSE222400_NCBI,LMNB1,5.509981284741886,log2_size_factor_normalized_count_plus_1,start_of_24_hour_induction,24_hour_pulse,NCBI_reprocessed_withdrawal_RNA
GSM6922868,DXR,1,7.0,6.0,DXR_D6_1,GSE222400_NCBI,MKI67,7.051307578138324,log2_size_factor_normalized_count_plus_1,start_of_24_hour_induction,24_hour_pulse,NCBI_reprocessed_withdrawal_RNA
GSM6922868,DXR,1,7.0,6.0,DXR_D6_1,GSE222400_NCBI,IL6,6.159492619059531,log2_size_factor_normalized_count_plus_1,start_of_24_hour_induction,24_hour_pulse,NCBI_reprocessed_withdrawal_RNA
GSM6922868,DXR,1,7.0,6.0,DXR_D6_1,GSE222400_NCBI,CXCL8,6.6210253103002445,log2_size_factor_normalized_count_plus_1,start_of_24_hour_induction,24_hour_pulse,NCBI_reprocessed_withdrawal_RNA
GSM6922868,DXR,1,7.0,6.0,DXR_D6_1,GSE222400_NCBI,SERPINE1,15.503719250426512,log2_size_factor_normalized_count_plus_1,start_of_24_hour_induction,24_hour_pulse,NCBI_reprocessed_withdrawal_RNA
GSM6922868,DXR,1,7.0,6.0,DXR_D6_1,GSE222400_NCBI,MMP3,9.224043904471088,log2_size_factor_normalized_count_plus_1,start_of_24_hour_induction,24_hour_pulse,NCBI_reprocessed_withdrawal_RNA
GSM6922868,DXR,1,7.0,6.0,DXR_D6_1,GSE222400_NCBI,GDF15,11.71168461822003,log2_size_factor_normalized_count_plus_1,start_of_24_hour_induction,24_hour_pulse,NCBI_reprocessed_withdrawal_RNA
GSM6922869,DXR,2,7.0,6.0,DXR_D6_2,GSE222400_NCBI,CDKN1A,15.82026836947831,log2_size_factor_normalized_count_plus_1,start_of_24_hour_induction,24_hour_pulse,NCBI_reprocessed_withdrawal_RNA
GSM6922869,DXR,2,7.0,6.0,DXR_D6_2,GSE222400_NCBI,CDKN2A,9.875812213057275,log2_size_factor_normalized_count_plus_1,start_of_24_hour_induction,24_hour_pulse,NCBI_reprocessed_withdrawal_RNA
GSM6922869,DXR,2,7.0,6.0,DXR_D6_2,GSE222400_NCBI,LMNB1,5.789641509838199,log2_size_factor_normalized_count_plus_1,start_of_24_hour_induction,24_hour_pulse,NCBI_reprocessed_withdrawal_RNA
GSM6922869,DXR,2,7.0,6.0,DXR_D6_2,GSE222400_NCBI,MKI67,7.736157226459897,log2_size_factor_normalized_count_plus_1,start_of_24_hour_induction,24_hour_pulse,NCBI_reprocessed_withdrawal_RNA
GSM6922869,DXR,2,7.0,6.0,DXR_D6_2,GSE222400_NCBI,IL6,6.354793552586062,log2_size_factor_normalized_count_plus_1,start_of_24_hour_induction,24_hour_pulse,NCBI_reprocessed_withdrawal_RNA
GSM6922869,DXR,2,7.0,6.0,DXR_D6_2,GSE222400_NCBI,CXCL8,5.854070244571357,log2_size_factor_normalized_count_plus_1,start_of_24_hour_induction,24_hour_pulse,NCBI_reprocessed_withdrawal_RNA
GSM6922869,DXR,2,7.0,6.0,DXR_D6_2,GSE222400_NCBI,SERPINE1,15.149174169462338,log2_size_factor_normalized_count_plus_1,start_of_24_hour_induction,24_hour_pulse,NCBI_reprocessed_withdrawal_RNA
GSM6922869,DXR,2,7.0,6.0,DXR_D6_2,GSE222400_NCBI,MMP3,9.270133305363835,log2_size_factor_normalized_count_plus_1,start_of_24_hour_induction,24_hour_pulse,NCBI_reprocessed_withdrawal_RNA
GSM6922869,DXR,2,7.0,6.0,DXR_D6_2,GSE222400_NCBI,GDF15,11.436268266232632,log2_size_factor_normalized_count_plus_1,start_of_24_hour_induction,24_hour_pulse,NCBI_reprocessed_withdrawal_RNA
GSM6922870,DXR,1,9.0,8.0,DXR_D8_1,GSE222400_NCBI,CDKN1A,15.681852677026036,log2_size_factor_normalized_count_plus_1,start_of_24_hour_induction,24_hour_pulse,NCBI_reprocessed_withdrawal_RNA
GSM6922870,DXR,1,9.0,8.0,DXR_D8_1,GSE222400_NCBI,CDKN2A,9.927383210453971,log2_size_factor_normalized_count_plus_1,start_of_24_hour_induction,24_hour_pulse,NCBI_reprocessed_withdrawal_RNA
GSM6922870,DXR,1,9.0,8.0,DXR_D8_1,GSE222400_NCBI,LMNB1,5.983292610390202,log2_size_factor_normalized_count_plus_1,start_of_24_hour_induction,24_hour_pulse,NCBI_reprocessed_withdrawal_RNA
GSM6922870,DXR,1,9.0,8.0,DXR_D8_1,GSE222400_NCBI,MKI67,7.360303514512643,log2_size_factor_normalized_count_plus_1,start_of_24_hour_induction,24_hour_pulse,NCBI_reprocessed_withdrawal_RNA
GSM6922870,DXR,1,9.0,8.0,DXR_D8_1,GSE222400_NCBI,IL6,7.430274678975882,log2_size_factor_normalized_count_plus_1,start_of_24_hour_induction,24_hour_pulse,NCBI_reprocessed_withdrawal_RNA
GSM6922870,DXR,1,9.0,8.0,DXR_D8_1,GSE222400_NCBI,CXCL8,6.614226032335926,log2_size_factor_normalized_count_plus_1,start_of_24_hour_induction,24_hour_pulse,NCBI_reprocessed_withdrawal_RNA
GSM6922870,DXR,1,9.0,8.0,DXR_D8_1,GSE222400_NCBI,SERPINE1,15.480907698386975,log2_size_factor_normalized_count_plus_1,start_of_24_hour_induction,24_hour_pulse,NCBI_reprocessed_withdrawal_RNA
GSM6922870,DXR,1,9.0,8.0,DXR_D8_1,GSE222400_NCBI,MMP3,8.629405842030701,log2_size_factor_normalized_count_plus_1,start_of_24_hour_induction,24_hour_pulse,NCBI_reprocessed_withdrawal_RNA
GSM6922870,DXR,1,9.0,8.0,DXR_D8_1,GSE222400_NCBI,GDF15,11.268558082182505,log2_size_factor_normalized_count_plus_1,start_of_24_hour_induction,24_hour_pulse,NCBI_reprocessed_withdrawal_RNA
GSM6922871,DXR,2,9.0,8.0,DXR_D8_2,GSE222400_NCBI,CDKN1A,15.792410858106095,log2_size_factor_normalized_count_plus_1,start_of_24_hour_induction,24_hour_pulse,NCBI_reprocessed_withdrawal_RNA
GSM6922871,DXR,2,9.0,8.0,DXR_D8_2,GSE222400_NCBI,CDKN2A,10.281698292511901,log2_size_factor_normalized_count_plus_1,start_of_24_hour_induction,24_hour_pulse,NCBI_reprocessed_withdrawal_RNA
GSM6922871,DXR,2,9.0,8.0,DXR_D8_2,GSE222400_NCBI,LMNB1,6.468314702953485,log2_size_factor_normalized_count_plus_1,start_of_24_hour_induction,24_hour_pulse,NCBI_reprocessed_withdrawal_RNA
GSM6922871,DXR,2,9.0,8.0,DXR_D8_2,GSE222400_NCBI,MKI67,7.46942980482165,log2_size_factor_normalized_count_plus_1,start_of_24_hour_induction,24_hour_pulse,NCBI_reprocessed_withdrawal_RNA
GSM6922871,DXR,2,9.0,8.0,DXR_D8_2,GSE222400_NCBI,IL6,7.541633963749506,log2_size_factor_normalized_count_plus_1,start_of_24_hour_induction,24_hour_pulse,NCBI_reprocessed_withdrawal_RNA
GSM6922871,DXR,2,9.0,8.0,DXR_D8_2,GSE222400_NCBI,CXCL8,6.938419593696362,log2_size_factor_normalized_count_plus_1,start_of_24_hour_induction,24_hour_pulse,NCBI_reprocessed_withdrawal_RNA
GSM6922871,DXR,2,9.0,8.0,DXR_D8_2,GSE222400_NCBI,SERPINE1,15.580136308545754,log2_size_factor_normalized_count_plus_1,start_of_24_hour_induction,24_hour_pulse,NCBI_reprocessed_withdrawal_RNA
GSM6922871,DXR,2,9.0,8.0,DXR_D8_2,GSE222400_NCBI,MMP3,8.850049713710279,log2_size_factor_normalized_count_plus_1,start_of_24_hour_induction,24_hour_pulse,NCBI_reprocessed_withdrawal_RNA
GSM6922871,DXR,2,9.0,8.0,DXR_D8_2,GSE222400_NCBI,GDF15,11.378592994571006,log2_size_factor_normalized_count_plus_1,start_of_24_hour_induction,24_hour_pulse,NCBI_reprocessed_withdrawal_RNA
GSM6922872,DXR,1,17.0,16.0,DXR_D16_1,GSE222400_NCBI,CDKN1A,15.673581552641231,log2_size_factor_normalized_count_plus_1,start_of_24_hour_induction,24_hour_pulse,NCBI_reprocessed_withdrawal_RNA
GSM6922872,DXR,1,17.0,16.0,DXR_D16_1,GSE222400_NCBI,CDKN2A,10.458905416860064,log2_size_factor_normalized_count_plus_1,start_of_24_hour_induction,24_hour_pulse,NCBI_reprocessed_withdrawal_RNA
GSM6922872,DXR,1,17.0,16.0,DXR_D16_1,GSE222400_NCBI,LMNB1,6.083724422317344,log2_size_factor_normalized_count_plus_1,start_of_24_hour_induction,24_hour_pulse,NCBI_reprocessed_withdrawal_RNA
GSM6922872,DXR,1,17.0,16.0,DXR_D16_1,GSE222400_NCBI,MKI67,6.728045344886985,log2_size_factor_normalized_count_plus_1,start_of_24_hour_induction,24_hour_pulse,NCBI_reprocessed_withdrawal_RNA
GSM6922872,DXR,1,17.0,16.0,DXR_D16_1,GSE222400_NCBI,IL6,8.22938146416864,log2_size_factor_normalized_count_plus_1,start_of_24_hour_induction,24_hour_pulse,NCBI_reprocessed_withdrawal_RNA
GSM6922872,DXR,1,17.0,16.0,DXR_D16_1,GSE222400_NCBI,CXCL8,7.284125589743636,log2_size_factor_normalized_count_plus_1,start_of_24_hour_induction,24_hour_pulse,NCBI_reprocessed_withdrawal_RNA
GSM6922872,DXR,1,17.0,16.0,DXR_D16_1,GSE222400_NCBI,SERPINE1,15.298610701155019,log2_size_factor_normalized_count_plus_1,start_of_24_hour_induction,24_hour_pulse,NCBI_reprocessed_withdrawal_RNA
GSM6922872,DXR,1,17.0,16.0,DXR_D16_1,GSE222400_NCBI,MMP3,9.050634135329322,log2_size_factor_normalized_count_plus_1,start_of_24_hour_induction,24_hour_pulse,NCBI_reprocessed_withdrawal_RNA
GSM6922872,DXR,1,17.0,16.0,DXR_D16_1,GSE222400_NCBI,GDF15,11.267994468666242,log2_size_factor_normalized_count_plus_1,start_of_24_hour_induction,24_hour_pulse,NCBI_reprocessed_withdrawal_RNA
GSM6922873,DXR,2,17.0,16.0,DXR_D16_2,GSE222400_NCBI,CDKN1A,15.524822328469263,log2_size_factor_normalized_count_plus_1,start_of_24_hour_induction,24_hour_pulse,NCBI_reprocessed_withdrawal_RNA
GSM6922873,DXR,2,17.0,16.0,DXR_D16_2,GSE222400_NCBI,CDKN2A,10.261146786341243,log2_size_factor_normalized_count_plus_1,start_of_24_hour_induction,24_hour_pulse,NCBI_reprocessed_withdrawal_RNA
GSM6922873,DXR,2,17.0,16.0,DXR_D16_2,GSE222400_NCBI,LMNB1,5.701920522310876,log2_size_factor_normalized_count_plus_1,start_of_24_hour_induction,24_hour_pulse,NCBI_reprocessed_withdrawal_RNA
GSM6922873,DXR,2,17.0,16.0,DXR_D16_2,GSE222400_NCBI,MKI67,7.608700277758808,log2_size_factor_normalized_count_plus_1,start_of_24_hour_induction,24_hour_pulse,NCBI_reprocessed_withdrawal_RNA
GSM6922873,DXR,2,17.0,16.0,DXR_D16_2,GSE222400_NCBI,IL6,7.2767932033017795,log2_size_factor_normalized_count_plus_1,start_of_24_hour_induction,24_hour_pulse,NCBI_reprocessed_withdrawal_RNA
GSM6922873,DXR,2,17.0,16.0,DXR_D16_2,GSE222400_NCBI,CXCL8,7.343098763331863,log2_size_factor_normalized_count_plus_1,start_of_24_hour_induction,24_hour_pulse,NCBI_reprocessed_withdrawal_RNA
GSM6922873,DXR,2,17.0,16.0,DXR_D16_2,GSE222400_NCBI,SERPINE1,15.094500610945847,log2_size_factor_normalized_count_plus_1,start_of_24_hour_induction,24_hour_pulse,NCBI_reprocessed_withdrawal_RNA
GSM6922873,DXR,2,17.0,16.0,DXR_D16_2,GSE222400_NCBI,MMP3,10.9434605545521,log2_size_factor_normalized_count_plus_1,start_of_24_hour_induction,24_hour_pulse,NCBI_reprocessed_withdrawal_RNA
GSM6922873,DXR,2,17.0,16.0,DXR_D16_2,GSE222400_NCBI,GDF15,10.973860683707704,log2_size_factor_normalized_count_plus_1,start_of_24_hour_induction,24_hour_pulse,NCBI_reprocessed_withdrawal_RNA
