path	accession	bytes	sha256	url	bundled	automatic	notes
GSE210140_family.soft.gz	GSE210140	3297	808f44b13847c4776af644ca9d559742710154b4757443c5f4c17f1534c63efc	https://ftp.ncbi.nlm.nih.gov/geo/series/GSE210nnn/GSE210140/soft/GSE210140_family.soft.gz	0	1	IHH: doxorubicin and conditioned-medium recipients; protocol and sample metadata.
GSE210140_UJ3100_exp_gene_level_tpm.txt.gz	GSE210140	1564207	2586b93ded172a2835281a1a5e2d1f5ef9efb22d96833ce2316634604c1b340c	https://ftp.ncbi.nlm.nih.gov/geo/series/GSE210nnn/GSE210140/suppl/GSE210140_UJ3100_exp_gene_level_tpm.txt.gz	0	1	Published Kallisto TPM, 20 samples; RNA abundance, not SASP potency.
GSE210140_UJ3100_exp_gene_level_count.txt.gz	GSE210140	653686	e649f62c69b461ea118f007619d80b9fce14b90ba1ef23a0ef8d55467e61fa3b	https://ftp.ncbi.nlm.nih.gov/geo/series/GSE210nnn/GSE210140/suppl/GSE210140_UJ3100_exp_gene_level_count.txt.gz	0	1	Published estimated gene counts; retained for reproducibility.
GSE222400_family.soft.gz	GSE222400	6083	40b8c84801c9dcfdea0afd3cc731f5f3cd2ff51d4284bd10c97ee485ebda8693	https://ftp.ncbi.nlm.nih.gov/geo/series/GSE222nnn/GSE222400/soft/GSE222400_family.soft.gz	0	1	WI-38: 24-hour induction, washout, and subsequent time course.
GSE222400_RAW.tar	GSE222400	66201600	f925c25b090a40b42a2512b357ecbfdd2697781908253715e03f23a07006bc16	https://ftp.ncbi.nlm.nih.gov/geo/series/GSE222nnn/GSE222400/suppl/GSE222400_RAW.tar	0	1	Published per-sample RPKM tables (archive named RAW by GEO); no raw-read processing.
GSE144397_family.soft.gz	GSE144397	31553645	3f0e4601eaa3b5555ed5f6d32c3e9f3d65df3be5aab5f3a0852159371d99635e	https://ftp.ncbi.nlm.nih.gov/geo/series/GSE144nnn/GSE144397/soft/GSE144397_family.soft.gz	0	1	WI-38 quiescence/OIS time courses; biological replicate metadata.
GSE144397_series_matrix.txt.gz	GSE144397	3342762	b133dbfb844ea5ce0f3043560c52526fa1c258f9573ea5010f1172b72f2b404a	https://ftp.ncbi.nlm.nih.gov/geo/series/GSE144nnn/GSE144397/matrix/GSE144397_series_matrix.txt.gz	0	1	Submitter-normalised Affymetrix expression, not RNA-seq counts.
PMC11701098.xml	PMC11701098	106270	a0045b6527fa276621e026307f731bd9e6c88593dcb5596902791e7bd2475968	https://www.ebi.ac.uk/europepmc/webservices/rest/PMC11701098/fullTextXML	0	1	Okamura 2024 Huh-7 arsenite protocol, captions and availability statement.
ehpm-29-074-g002.jpg	PMC11701098	168706	71bd78c30cd4ad6c176eceab1d1f7f5e50f2f69f4d03cc05bc2908f0a366b346	https://cdn.ncbi.nlm.nih.gov/pmc/blobs/ac1c/11701098/252133875a16/ehpm-29-074-g002.jpg	0	1	Published aggregate figure; no inferred individual replicates.
ehpm-29-074-g005.jpg	PMC11701098	159402	c923c4dd6f9849e26f018de7cd57393b40403a22c0c90f0fb4acbc0971f19d52	https://cdn.ncbi.nlm.nih.gov/pmc/blobs/ac1c/11701098/acfabc7002a5/ehpm-29-074-g005.jpg	0	1	Published aggregate figure; no inferred individual replicates.
ehpm-29-074-g006.jpg	PMC11701098	123587	d1c7de57d7868ae818379b6e383f15fb88d8f6a514e4c7547c544b78a45d7d40	https://cdn.ncbi.nlm.nih.gov/pmc/blobs/ac1c/11701098/c7c571510afe/ehpm-29-074-g006.jpg	0	1	Published aggregate figure; no inferred individual replicates.
pbio.3000599.s007.xlsx	PXD013721	3689016	9369aca8214ae0f0af46a45b01f160ac1391c05b644875298bb871e91b8dff94	https://journals.plos.org/plosbiology/article/file?type=supplementary&id=10.1371/journal.pbio.3000599.s007	0	1	SASP Atlas S1: reported protein-level comparisons, not potency.
pbio.3000599.s012.xlsx	PXD013721	16839	0204b39b37ca80b3a6c01df460719a72724848ad52e1bfc0c36cd40068327639	https://journals.plos.org/plosbiology/article/file?type=supplementary&id=10.1371/journal.pbio.3000599.s012	0	1	SASP Atlas S6: cell culture normalization details.
GSE222400_raw_counts_GRCh38.p13_NCBI.tsv.gz	GSE222400	2176101	b743012685ad7d80c3ccfaca2973d353018c6b7fd307b58ebf36ce83bb247eb7	https://www.ncbi.nlm.nih.gov/geo/download/?type=rnaseq_counts&acc=GSE222400&format=file&file=GSE222400_raw_counts_GRCh38.p13_NCBI.tsv.gz	0	1	Independent NCBI HISAT2/featureCounts processing of public sequencing reads; distinct from excluded submitter DE tables.
GSE250041_family.soft.gz	GSE250041	3920	906358053dbc7517fcd95e52b8fe8080318ef197123cc5a53806cd74e66e461b	https://ftp.ncbi.nlm.nih.gov/geo/series/GSE250nnn/GSE250041/soft/GSE250041_family.soft.gz	0	1	CITE-seq sample metadata.
GSE235768_family.soft.gz	GSE235768	3881	e32cf4f5fc6e97d5c4fff8707a876cfa0dffb22fd1093bb3094ee675953ac480	https://ftp.ncbi.nlm.nih.gov/geo/series/GSE235nnn/GSE235768/soft/GSE235768_family.soft.gz	0	1	Independent H2O2 recovery and continuous bortezomib models.
GSE235768_normalized_counts_table.txt.gz	GSE235768	2147421	4fdf42bec65ed9b4edb49acb78b151e77081ae0e0787583a49ecd54ed624df53	https://ftp.ncbi.nlm.nih.gov/geo/series/GSE235nnn/GSE235768/suppl/GSE235768_normalized_counts_table.txt.gz	0	1	Submitter normalized sample counts.
GSE235768_raw_counts_table.txt.gz	GSE235768	4473615	8a37146c5dec738554db7945770ac6f68e594b59621f9e44be55f038ec598808	https://ftp.ncbi.nlm.nih.gov/geo/series/GSE235nnn/GSE235768/suppl/GSE235768_raw_counts_table.txt.gz	0	1	Raw sample counts for independent preprocessing.
GSE250041_Proliferating_features.tsv.gz	GSE250041	333557	e034835514a64c40721b95aff253ff30d2b7cf4fba73de3327c4813540885e37	https://ftp.ncbi.nlm.nih.gov/geo/series/GSE250nnn/GSE250041/suppl/GSE250041_Proliferating_features.tsv.gz	0	1	Public paired RNA/ADT matrix component.
GSE250041_Proliferating_barcodes.tsv.gz	GSE250041	44407	d4a9d7945ee894797ed2e79c2cc94cf439fd0b1fa85d0018429a385d7278ce25	https://ftp.ncbi.nlm.nih.gov/geo/series/GSE250nnn/GSE250041/suppl/GSE250041_Proliferating_barcodes.tsv.gz	0	1	Public paired RNA/ADT matrix component.
GSE250041_Proliferating_matrix.mtx.gz	GSE250041	152191341	bd57314c8d4be01d242c1d1b8a785d73cc5b93589dbcce2d677c6e0bac33027c	https://ftp.ncbi.nlm.nih.gov/geo/series/GSE250nnn/GSE250041/suppl/GSE250041_Proliferating_matrix.mtx.gz	0	1	Public paired RNA/ADT matrix component.
GSE250041_Senescent_features.tsv.gz	GSE250041	333557	8ead549950cc2640cdac915ac3de5c57f92a284db0b82bad94bd1e1b6a87ac83	https://ftp.ncbi.nlm.nih.gov/geo/series/GSE250nnn/GSE250041/suppl/GSE250041_Senescent_features.tsv.gz	0	1	Public paired RNA/ADT matrix component.
GSE250041_Senescent_barcodes.tsv.gz	GSE250041	26244	d075bad15bef08eb6e2282f68bfd1d5d29ac41e4c643a9054512dded29cbb65e	https://ftp.ncbi.nlm.nih.gov/geo/series/GSE250nnn/GSE250041/suppl/GSE250041_Senescent_barcodes.tsv.gz	0	1	Public paired RNA/ADT matrix component.
GSE250041_Senescent_matrix.mtx.gz	GSE250041	68344555	133e326e31d3a90e1b493e0d13320a690a951d5c51659a1f6952621a43765d40	https://ftp.ncbi.nlm.nih.gov/geo/series/GSE250nnn/GSE250041/suppl/GSE250041_Senescent_matrix.mtx.gz	0	1	Public paired RNA/ADT matrix component.
